,CATEGORIE,DATE,QUART,PDQ,X,Y,LONGITUDE,LATITUDE
184263,Vol de véhicule à moteur,2023-01-30,jour,30.0,296283.172997164,5047306.80100778,-73.609107,45.565619
184264,Vol dans / sur véhicule à moteur,2023-01-17,jour,16.0,298497.593995259,5034108.50000464,-73.580569,45.446879
184277,Vol dans / sur véhicule à moteur,2023-01-30,soir,30.0,296630.019003875,5047167.963001,-73.604661,45.564374
184287,Méfait,2023-01-30,soir,8.0,291366.280998426,5032790.00000107,-73.671698,45.434914
184296,Introduction,2023-01-31,nuit,9.0,294565.18400722893,5036315.52100444,-73.630886,45.466692
184371,Vol de véhicule à moteur,2023-01-24,jour,49.0,305392.92399144,5060716.51599852,-73.492388,45.686335
184388,Vol de véhicule à moteur,2023-01-24,jour,13.0,294692.030996681,5031411.999995889,-73.629163,45.42257
184408,Vol de véhicule à moteur,2023-01-24,soir,49.0,304164.091,5057851.866,-73.50816,45.660558
184937,Vol de véhicule à moteur,2023-01-28,nuit,15.0,297179.973992843,5035525.75400354,-73.597435,45.459619
184949,Vol de véhicule à moteur,2023-01-28,jour,30.0,293929.610997228,5047928.55199748,-73.639272,45.571181
184971,Vol dans / sur véhicule à moteur,2023-01-28,jour,22.0,300140.467995116,5042275.37999659,-73.559644,45.520381
184976,Vols qualifiés,2023-01-28,jour,22.0,300385.902993148,5042509.0880085295,-73.556505,45.522486
184980,Méfait,2023-01-28,jour,9.0,294735.779990755,5036211.46999378,-73.628702,45.465759
184984,Vol dans / sur véhicule à moteur,2023-01-28,jour,21.0,300182.9750027111,5040803.60100502,-73.559086,45.507138
185070,Vol de véhicule à moteur,2023-01-25,nuit,44.0,297480.429990145,5046120.45500824,-73.593751,45.554958
185073,Vol de véhicule à moteur,2023-01-25,jour,35.0,295747.307993271,5043653.07499327,-73.615904,45.532735
185074,Vol de véhicule à moteur,2023-01-25,jour,26.0,293779.766992999,5038642.53499958,-73.640983,45.48762
185079,Méfait,2023-01-25,jour,9.0,294899.797995909,5035873.96399584,-73.626598,45.462724
185084,Vol dans / sur véhicule à moteur,2023-01-25,jour,15.0,297003.463010686,5035479.7640049,-73.599691,45.459203
185116,Introduction,2023-01-28,soir,48.0,299915.979999407,5048921.081995569,-73.562584,45.58018
185156,Introduction,2023-01-29,nuit,16.0,298824.10199674405,5035004.52400116,-73.576406,45.454945
185170,Méfait,2023-01-31,nuit,49.0,304482.937991211,5054632.5000049295,-73.504067,45.63159
185174,Vol de véhicule à moteur,2023-01-31,jour,42.0,297708.938,5047910.0,-73.590851,45.571063
185200,Vol dans / sur véhicule à moteur,2023-01-17,jour,21.0,299564.088,5041206.896,-73.567011,45.510763
185468,Vol de véhicule à moteur,2023-01-26,nuit,16.0,299839.37500257493,5035308.00000498,-73.563428,45.457684
185482,Introduction,2023-01-29,nuit,35.0,296587.448009705,5044965.839997049,-73.60517,45.544558
185491,Introduction,2023-01-29,jour,9.0,296626.205001311,5037448.329997569,-73.604548,45.476913
185514,Vol de véhicule à moteur,2023-01-29,jour,26.0,294768.792007648,5040955.670997529,-73.628377,45.508449
185517,Vol dans / sur véhicule à moteur,2023-01-29,jour,31.0,294448.557989398,5043404.51099123,-73.632527,45.53048
185520,Introduction,2023-01-29,jour,26.0,294706.27900953,5041447.286001209,-73.629187,45.512872
185821,Vol de véhicule à moteur,2023-01-29,jour,42.0,296105.593994036,5050284.4999939,-73.611435,45.592411
185833,Introduction,2023-01-29,jour,9.0,291911.188010061,5037894.49999858,-73.664868,45.480857
185843,Vol dans / sur véhicule à moteur,2023-01-29,jour,48.0,301120.031993856,5048488.41200417,-73.547152,45.576294
185844,Vol de véhicule à moteur,2023-01-29,jour,16.0,299519.2809964611,5035260.99999801,-73.56752,45.457258
185850,Vol de véhicule à moteur,2023-01-29,jour,38.0,297766.552009376,5042673.422995729,-73.590037,45.523943
185854,Introduction,2023-01-29,jour,46.0,299241.362990059,5051608.1139967,-73.571259,45.604354
185855,Vol de véhicule à moteur,2023-01-29,jour,8.0,288266.87499213,5033916.50000852,-73.71135,45.444984
185857,Introduction,2023-01-29,soir,31.0,295086.846990632,5042996.02600726,-73.624347,45.526814
185859,Vol de véhicule à moteur,2023-01-29,soir,30.0,296883.992000233,5047265.63600759,-73.601409,45.565256
185968,Vol de véhicule à moteur,2023-01-26,jour,26.0,293330.95800504,5039586.95299502,-73.646746,45.496111
185987,Vol dans / sur véhicule à moteur,2023-01-26,jour,35.0,296973.347998269,5044378.380002489,-73.600218,45.539277
185988,Vol de véhicule à moteur,2023-01-26,jour,27.0,293234.430005294,5045507.60299111,-73.648121,45.549386
186009,Vol de véhicule à moteur,2023-01-29,jour,10.0,289026.476004886,5044143.100006689,-73.701968,45.537025
186012,Introduction,2023-01-29,jour,10.0,289026.476004886,5044143.100006689,-73.701968,45.537025
186013,Vol de véhicule à moteur,2023-01-29,soir,42.0,299330.437999846,5049213.99999983,-73.570091,45.582812
186027,Introduction,2023-01-29,soir,15.0,297209.235993746,5035918.88499778,-73.597067,45.463157
186031,Vol dans / sur véhicule à moteur,2023-01-30,nuit,20.0,299084.065995872,5039553.52599506,-73.573135,45.495881
186041,Vol de véhicule à moteur,2023-01-30,nuit,7.0,285551.781006276,5039688.000000089,-73.746284,45.496849
186042,Vol dans / sur véhicule à moteur,2023-01-30,nuit,44.0,298219.403997717,5047614.48900418,-73.584307,45.568409
186048,Introduction,2023-01-30,nuit,49.0,305416.832991631,5056134.90000619,-73.492087,45.645109
186167,Introduction,2023-01-26,soir,38.0,299269.622991625,5041387.71300219,-73.570781,45.512387
186168,Vol de véhicule à moteur,2023-01-26,soir,15.0,299545.278996574,5037982.54699236,-73.567217,45.481748
186177,Introduction,2023-01-27,nuit,48.0,301011.5900024221,5048700.96299837,-73.548543,45.578206
186282,Vol dans / sur véhicule à moteur,2023-01-24,nuit,30.0,296568.57100627,5046617.06799643,-73.605439,45.559416
186293,Vol de véhicule à moteur,2023-01-24,jour,31.0,293913.914000154,5043486.06200422,-73.639374,45.531206
186297,Vol de véhicule à moteur,2023-01-24,jour,9.0,295371.574993683,5037577.03099135,-73.620598,45.478055
186311,Vol de véhicule à moteur,2023-01-24,jour,26.0,294510.559,5041816.695,-73.6317,45.516194
186321,Méfait,2023-01-24,jour,9.0,294899.797995909,5035873.96399584,-73.626598,45.462724
186356,Introduction,2023-01-27,jour,45.0,300173.325,5057924.368,-73.559372,45.661196
186362,Vol de véhicule à moteur,2023-01-27,jour,23.0,300951.795994572,5045640.94000788,-73.549285,45.550671
186376,Vol de véhicule à moteur,2023-01-28,nuit,16.0,298835.31299298094,5035172.50000223,-73.576265,45.456457
187722,Vols qualifiés,2023-01-30,jour,22.0,300721.888,5043736.101,-73.552214,45.533529
187730,Vol de véhicule à moteur,2023-01-30,jour,7.0,289441.409,5041973.654,-73.696587,45.517513
187734,Méfait,2023-01-17,jour,48.0,301899.851007557,5050591.80200803,-73.537173,45.595225
187735,Méfait,2023-01-30,soir,26.0,293482.363992885,5039491.54199124,-73.644807,45.495255
187736,Vol dans / sur véhicule à moteur,2023-01-30,soir,39.0,295235.496992958,5053695.68299978,-73.622654,45.623095
187752,Introduction,2023-01-30,soir,49.0,305244.728000317,5054780.16899273,-73.494296,45.632919
187758,Vol de véhicule à moteur,2023-01-31,nuit,15.0,297898.335,5035493.967,-73.588249,45.459341
187761,Vol de véhicule à moteur,2023-01-31,nuit,27.0,291463.30000462494,5044993.29600711,-73.67079,45.544726
187762,Vol dans / sur véhicule à moteur,2023-01-17,soir,49.0,305629.962010101,5056169.5179952495,-73.489352,45.64542
187764,Méfait,2023-01-31,jour,5.0,283019.781,5038018.5,-73.778607,45.481752
187767,Méfait,2023-01-18,nuit,23.0,301541.302998157,5045511.12599158,-73.541734,45.549506
187909,Vol dans / sur véhicule à moteur,2023-01-18,jour,23.0,300929.26599396,5045571.70199442,-73.549573,45.550048
187932,Méfait,2023-01-31,jour,50.0,298042.337,5037496.564,-73.586436,45.477362
187940,Méfait,2023-01-31,jour,50.0,300757.711,5042597.38,-73.551746,45.523283
187941,Introduction,2023-01-31,jour,23.0,301131.987008072,5044641.60900215,-73.54697,45.541679
187942,Méfait,2023-01-31,jour,50.0,300757.711,5042597.38,-73.551746,45.523283
187944,Vol dans / sur véhicule à moteur,2023-01-18,jour,23.0,301365.28799228405,5045172.11999869,-73.543986,45.546454
187945,Vol de véhicule à moteur,2023-01-31,jour,38.0,299095.122006214,5041146.07000152,-73.573012,45.510212
187946,Méfait,2023-01-31,soir,23.0,301595.83999586693,5044864.79400048,-73.541032,45.54369
187947,Vols qualifiés,2023-01-31,soir,20.0,299298.311,5039389.895,-73.570392,45.49441
187948,Vol dans / sur véhicule à moteur,2023-01-31,soir,46.0,298177.500010567,5053020.49999818,-73.584917,45.617053
188075,Vols qualifiés,2023-01-31,soir,38.0,298087.298005908,5043466.08799921,-73.585942,45.531079
188076,Vol de véhicule à moteur,2023-01-31,soir,27.0,293371.538003499,5045159.01600139,-73.646357,45.546251
188088,Vol dans / sur véhicule à moteur,2023-01-19,jour,15.0,299143.217010411,5038399.35699968,-73.572365,45.485496
188098,Vol dans / sur véhicule à moteur,2023-01-21,jour,16.0,298519.375008061,5034205.50000851,-73.580292,45.447752
188099,Méfait,2023-01-21,soir,48.0,302729.427,5049772.047,-73.526536,45.587851
188100,Méfait,2023-01-22,nuit,48.0,301548.784993078,5047991.73100609,-73.541655,45.571827
188767,Introduction,2023-01-29,jour,38.0,299004.69599499,5043321.09099891,-73.574195,45.529783
188769,Vol dans / sur véhicule à moteur,2023-01-29,jour,22.0,299902.508993933,5042631.07800831,-73.562694,45.52358
188776,Vols qualifiés,2023-01-29,jour,50.0,299733.44455346,5041226.661936929,-73.564844,45.510942
188777,Introduction,2023-01-29,jour,39.0,295443.339996325,5051879.23199726,-73.619953,45.606753
188782,Méfait,2023-01-29,soir,3.0,276099.624999164,5038484.99999318,-73.867153,45.485699
188790,Vols qualifiés,2023-01-29,soir,46.0,299795.719000037,5051780.50000568,-73.564154,45.605909
188791,Vols qualifiés,2023-01-29,soir,15.0,299492.663995326,5038813.551000689,-73.567899,45.489226
189113,Vols qualifiés,2023-01-29,soir,50.0,298362.203,5042737.083,-73.582413,45.524522
189115,Introduction,2023-01-30,nuit,31.0,295112.361996003,5043057.45399491,-73.624022,45.527367
189120,Vol de véhicule à moteur,2023-01-30,jour,31.0,296673.49900584493,5045717.50600022,-73.60408,45.551323
189123,Vol dans / sur véhicule à moteur,2023-01-16,jour,48.0,299993.082,5048812.598,-73.561595,45.579205
189128,Introduction,2023-01-30,nuit,15.0,297876.915997272,5037549.136996849,-73.588552,45.477834
189130,Vol dans / sur véhicule à moteur,2023-01-30,jour,3.0,277447.187997864,5038262.50000795,-73.849902,45.483751
189146,Vol de véhicule à moteur,2023-01-30,jour,20.0,299226.151,5040041.84,-73.571323,45.500276
193392,Méfait,2023-01-20,jour,30.0,296882.8479965431,5047086.3750034,-73.601421,45.563643
193397,Vol dans / sur véhicule à moteur,2023-01-20,soir,23.0,300694.586995567,5045002.11099874,-73.552574,45.544921
193398,Vol dans / sur véhicule à moteur,2023-01-20,soir,20.0,298104.652998592,5040035.00600275,-73.585673,45.500205
213397,Vol de véhicule à moteur,2023-01-16,jour,42.0,298325.813006937,5048629.50000339,-73.582957,45.577543
213398,Vol de véhicule à moteur,2023-01-16,jour,45.0,296987.315001447,5053868.909001529,-73.600191,45.624675
213399,Vol de véhicule à moteur,2023-01-16,jour,48.0,303771.888992888,5050339.38199726,-73.513177,45.592959
213400,Vol de véhicule à moteur,2023-01-16,jour,1.0,270430.027992385,5029434.5909935,-73.939048,45.404005
213401,Introduction,2023-01-16,jour,49.0,305368.94299296493,5055018.4650045,-73.492702,45.635063
213403,Vol de véhicule à moteur,2023-01-16,soir,7.0,290215.656,5042515.5,-73.686693,45.522405
213404,Introduction,2023-01-17,nuit,50.0,302016.025,5050752.982,-73.535684,45.596676
213405,Introduction,2023-01-17,jour,49.0,305472.522990139,5055301.99500307,-73.491373,45.637614
213406,Méfait,2023-01-17,jour,10.0,292854.259,5043730.233,-73.652947,45.533386
213407,Vol de véhicule à moteur,2023-01-17,jour,46.0,300663.593993949,5052790.500001489,-73.553037,45.615003
213408,Méfait,2023-01-17,jour,31.0,294795.500993501,5044942.0649926495,-73.628117,45.544321
213409,Vol de véhicule à moteur,2023-01-17,jour,7.0,285777.482990321,5040398.486994009,-73.743424,45.503248
213410,Méfait,2023-01-17,jour,45.0,297343.121,5054147.676,-73.595633,45.627188
213411,Vols qualifiés,2023-01-17,jour,20.0,299782.401,5039306.082,-73.564197,45.49366
213412,Vol dans / sur véhicule à moteur,2023-01-17,jour,22.0,300898.363006265,5043297.59399344,-73.549951,45.529584
213413,Vol dans / sur véhicule à moteur,2023-01-17,soir,16.0,299467.125,5036717.5,-73.568203,45.470364
213414,Vols qualifiés,2023-01-17,soir,50.0,300757.711,5042597.38,-73.551746,45.523283
213415,Introduction,2023-01-17,soir,27.0,293205.10298957606,5044756.05199415,-73.648479,45.542622
213416,Vol de véhicule à moteur,2023-01-17,soir,26.0,292095.60500798,5038977.78599923,-73.662537,45.490608
213417,Vol de véhicule à moteur,2023-01-17,soir,48.0,302729.427,5049772.047,-73.526536,45.587851
213418,Méfait,2023-01-17,soir,50.0,298613.236,5038123.506,-73.579141,45.483009
213419,Méfait,2023-01-17,soir,50.0,301105.138,5046734.407,-73.54733,45.560511
213420,Vol dans / sur véhicule à moteur,2023-01-17,soir,23.0,302133.428995584,5045645.13799142,-73.534152,45.550714
213421,Introduction,2023-01-18,nuit,50.0,294739.102,5044817.065,-73.628836,45.543195
213422,Vols qualifiés,2023-01-18,jour,9.0,295621.008991954,5037231.26299245,-73.617401,45.474947
213423,Vol de véhicule à moteur,2023-01-18,jour,10.0,289334.497991538,5043103.99199669,-73.697992,45.527682
213424,Introduction,2023-01-18,jour,13.0,296543.533,5032726.288,-73.605526,45.434421
213426,Vol de véhicule à moteur,2023-01-18,jour,7.0,287494.000010562,5041540.500004889,-73.721498,45.513569
213427,Vol de véhicule à moteur,2023-01-18,jour,30.0,296877.480000651,5046044.07599268,-73.601473,45.554264
213428,Vol de véhicule à moteur,2023-01-18,jour,42.0,298363.518000992,5050593.7189922,-73.5825,45.595218
213429,Vol de véhicule à moteur,2023-01-18,jour,26.0,293634.955,5040523.549,-73.642878,45.504544
213430,Méfait,2023-01-18,jour,15.0,299323.293996279,5038476.7330047,-73.570062,45.486194
213431,Vols qualifiés,2023-01-18,soir,15.0,296558.302992627,5034533.89099382,-73.605368,45.450687
213432,Introduction,2023-01-18,soir,23.0,301352.28599319205,5044721.990002929,-73.54415,45.542404
213433,Vol dans / sur véhicule à moteur,2023-01-18,soir,45.0,299138.718006611,5056416.26800895,-73.572631,45.647618
213434,Méfait,2023-01-18,soir,7.0,291320.529,5042291.009,-73.672544,45.520407
213435,Introduction,2023-01-18,soir,26.0,294802.625010636,5041423.14500127,-73.627954,45.512656
213436,Vol de véhicule à moteur,2023-01-18,soir,42.0,298529.943996385,5048250.50399169,-73.580336,45.574135
213437,Introduction,2023-01-18,soir,3.0,275423.43799449,5038199.000001449,-73.875786,45.483098
213438,Vols qualifiés,2023-01-18,soir,50.0,300026.312,5041712.579,-73.5611,45.515316
213439,Méfait,2023-01-19,nuit,48.0,303555.78000375605,5050433.54100657,-73.515947,45.593806
213440,Introduction,2023-01-19,nuit,10.0,289030.869999584,5043585.21699937,-73.701894,45.532005
213441,Vol de véhicule à moteur,2023-01-19,nuit,10.0,287247.703003908,5042920.48199696,-73.7247,45.525981
213442,Méfait,2023-01-19,nuit,48.0,303555.78000375605,5050433.54100657,-73.515947,45.593806
213444,Introduction,2023-01-19,jour,39.0,295577.557994946,5053403.56299782,-73.618262,45.620471
213445,Introduction,2023-01-19,jour,39.0,295870.75,5051459.0,-73.614466,45.602977
213446,Vol de véhicule à moteur,2023-01-19,jour,15.0,298155.243,5035475.565,-73.584964,45.459178
213600,Vol de véhicule à moteur,2023-01-19,jour,8.0,292557.92,5033637.581,-73.656489,45.442563
213601,Vol de véhicule à moteur,2023-01-19,jour,8.0,290583.0940030741,5034278.99999972,-73.681751,45.448297
213603,Introduction,2023-01-19,jour,39.0,295154.769007171,5051741.21999254,-73.62365,45.605507
213605,Vol de véhicule à moteur,2023-01-19,jour,44.0,299300.283999961,5045666.60500519,-73.570437,45.550891
213606,Vol dans / sur véhicule à moteur,2023-01-19,jour,16.0,299839.37500257493,5035308.00000498,-73.563428,45.457684
213607,Vol de véhicule à moteur,2023-01-19,soir,7.0,289310.419,5038392.202,-73.698151,45.485283
213608,Vol dans / sur véhicule à moteur,2023-01-19,soir,16.0,299129.438003944,5034466.49999263,-73.572496,45.450106
213609,Vol de véhicule à moteur,2023-01-19,soir,31.0,294203.891,5043506.4,-73.635662,45.531394
213610,Vol de véhicule à moteur,2023-01-19,soir,31.0,295012.396008538,5042817.02699426,-73.625297,45.525202
213611,Vol dans / sur véhicule à moteur,2023-01-19,soir,1.0,269542.719009794,5029358.00000858,-73.950377,45.403272
213612,Introduction,2023-01-20,nuit,10.0,289372.772009823,5045148.67499539,-73.697566,45.546081
213614,Méfait,2023-01-20,jour,42.0,298796.28098977805,5050551.49999452,-73.576952,45.594842
213615,Méfait,2023-01-20,jour,3.0,275079.780991249,5035636.00000217,-73.880027,45.460021
213617,Vol de véhicule à moteur,2023-01-20,jour,48.0,303292.112002418,5050897.59999318,-73.519328,45.597981
213618,Introduction,2023-01-20,jour,16.0,299166.6030001511,5035702.79299672,-73.572035,45.461231
213619,Introduction,2023-01-20,jour,23.0,301835.47415,5044517.139102,-73.537961,45.540563
213620,Méfait,2023-01-20,jour,1.0,270430.027992385,5029434.5909935,-73.939048,45.404005
213621,Vol de véhicule à moteur,2023-01-20,jour,7.0,288226.717,5042794.234,-73.712163,45.524869
213622,Vol dans / sur véhicule à moteur,2023-01-20,soir,30.0,296570.55499709,5047611.05999635,-73.605431,45.568361
213623,Vols qualifiés,2023-01-20,soir,42.0,296200.62500356,5049743.99999619,-73.610207,45.587549
213624,Introduction,2023-01-20,soir,7.0,290862.8439920161,5040551.49999347,-73.678353,45.504745
213625,Méfait,2023-01-21,nuit,27.0,293713.97300669405,5045308.86499139,-73.641975,45.547605
213628,Vol dans / sur véhicule à moteur,2023-01-21,nuit,39.0,295376.584,5053799.693,-73.620846,45.624032
213629,Vol de véhicule à moteur,2023-01-21,jour,38.0,299435.289009884,5044192.60000526,-73.568692,45.537628
213630,Vol de véhicule à moteur,2023-01-21,jour,35.0,297207.092989755,5044741.98500317,-73.597231,45.542551
213632,Introduction,2023-01-21,nuit,39.0,295376.584,5053799.693,-73.620846,45.624032
213633,Méfait,2023-01-21,jour,50.0,298362.203,5042737.083,-73.582413,45.524522
213635,Introduction,2023-01-21,soir,9.0,293643.374993209,5037946.50000708,-73.642712,45.481355
213636,Introduction,2023-01-21,soir,22.0,300898.363006265,5043297.59399344,-73.549951,45.529584
213637,Introduction,2023-01-21,soir,22.0,300898.363006265,5043297.59399344,-73.549951,45.529584
213638,Méfait,2023-01-21,soir,30.0,297516.291990914,5047174.71800249,-73.593308,45.564445
213639,Introduction,2023-01-21,soir,7.0,286319.43631570094,5040924.44385815,-73.736508,45.507996
213640,Méfait,2023-01-22,nuit,42.0,296316.781008189,5050010.0000001695,-73.608723,45.589944
213641,Introduction,2023-01-22,nuit,31.0,294230.379,5043572.061,-73.635324,45.531985
213642,Vol de véhicule à moteur,2023-01-22,nuit,42.0,297567.905999644,5049199.99999191,-73.592677,45.582669
213643,Méfait,2023-01-22,jour,50.0,299245.433,5040529.064,-73.571081,45.504661
213644,Vol de véhicule à moteur,2023-01-22,jour,15.0,297750.807991703,5035790.02700731,-73.59014,45.462003
213645,Vol de véhicule à moteur,2023-01-22,jour,42.0,298743.524005598,5049893.15599673,-73.57762,45.588918
213646,Vol dans / sur véhicule à moteur,2023-01-22,jour,26.0,294561.087,5040054.686,-73.631017,45.500339
213647,Vol de véhicule à moteur,2023-01-22,soir,27.0,293281.968002826,5048924.53900316,-73.647593,45.580133
213648,Vol dans / sur véhicule à moteur,2023-01-22,soir,9.0,295302.369004162,5036070.14800312,-73.621454,45.464495
213649,Introduction,2023-01-22,soir,9.0,295302.369004162,5036070.14800312,-73.621454,45.464495
213650,Vols qualifiés,2023-01-22,soir,39.0,295315.31299333,5052643.00000242,-73.62161,45.613623
213804,Introduction,2023-01-22,soir,39.0,292963.0,5049749.382,-73.6517,45.58755
213805,Vol de véhicule à moteur,2023-01-23,nuit,39.0,296055.423,5052169.758,-73.612112,45.609375
213806,Vol dans / sur véhicule à moteur,2023-01-23,nuit,42.0,295916.7810092031,5049251.50000209,-73.613836,45.583114
213807,Vol de véhicule à moteur,2023-01-23,nuit,26.0,295294.29000829,5038486.64900847,-73.621604,45.48624
213810,Méfait,2023-01-23,jour,27.0,293281.968002826,5048924.53900316,-73.647593,45.580133
213811,Méfait,2023-01-16,jour,9.0,296729.589996882,5037235.52099119,-73.603222,45.474999
213812,Vol de véhicule à moteur,2023-01-23,jour,26.0,296766.110007563,5042400.41300359,-73.60284,45.521476
213813,Vol dans / sur véhicule à moteur,2023-01-23,jour,22.0,300745.595991635,5043063.59399186,-73.551905,45.527478
213815,Introduction,2023-01-23,soir,39.0,295214.999995982,5051655.50000429,-73.622876,45.604736
213816,Vols qualifiés,2023-01-23,soir,23.0,300784.987,5045213.113,-73.551418,45.54682
213818,Méfait,2023-01-24,nuit,50.0,300757.711,5042597.38,-73.551746,45.523283
213819,Vol de véhicule à moteur,2023-01-24,jour,48.0,303948.215,5049489.21,-73.510916,45.585309
213820,Vol dans / sur véhicule à moteur,2023-01-24,jour,5.0,279528.938,5035518.0,-73.823131,45.459134
213821,Méfait,2023-01-24,jour,50.0,299245.433,5040529.064,-73.571081,45.504661
213822,Méfait,2023-01-24,jour,50.0,298627.461293,5039531.172402,-73.578977,45.495676
213823,Méfait,2023-01-24,jour,50.0,295914.3257,5044356.553416,-73.613779,45.539067
213824,Vol de véhicule à moteur,2023-01-24,jour,48.0,302905.91200315,5050157.60200491,-73.524276,45.591321
213825,Introduction,2023-01-24,jour,31.0,295422.28999854,5045796.56699664,-73.620107,45.552019
213826,Vol de véhicule à moteur,2023-01-24,jour,48.0,303555.78000375605,5050433.54100657,-73.515947,45.593806
213827,Vol de véhicule à moteur,2023-01-24,jour,10.0,287451.393,5043246.937,-73.722104,45.528923
213833,Vol de véhicule à moteur,2023-01-24,jour,26.0,294802.625010636,5041423.14500127,-73.627954,45.512656
213835,Vols qualifiés,2023-01-24,soir,10.0,287560.097006609,5043598.9849962,-73.720725,45.532094
213836,Méfait,2023-01-24,soir,50.0,300757.711,5042597.38,-73.551746,45.523283
213837,Méfait,2023-01-24,soir,46.0,300941.412003924,5052620.37300648,-73.549473,45.613474
213838,Vols qualifiés,2023-01-24,soir,10.0,287560.097006609,5043598.9849962,-73.720725,45.532094
213839,Vol dans / sur véhicule à moteur,2023-01-24,soir,39.0,293532.634990468,5050399.67099798,-73.644415,45.593411
213840,Vol de véhicule à moteur,2023-01-24,soir,46.0,298947.094003948,5052165.99999287,-73.575038,45.609371
213842,Vol dans / sur véhicule à moteur,2023-01-24,soir,42.0,298072.688,5048089.5,-73.586193,45.572682
213844,Vol dans / sur véhicule à moteur,2023-01-24,jour,48.0,303948.215,5049489.21,-73.510916,45.585309
213848,Vol de véhicule à moteur,2023-01-25,jour,44.0,300488.848994119,5045339.07500788,-73.555212,45.547952
213849,Méfait,2023-01-25,jour,26.0,292978.33998945,5040359.21000639,-73.651277,45.503054
213850,Vol dans / sur véhicule à moteur,2023-01-25,jour,4.0,280651.624999199,5038933.00000857,-73.808944,45.489903
213854,Introduction,2023-01-25,jour,7.0,289112.750000771,5040608.50000349,-73.70075,45.505221
213855,Introduction,2023-01-25,jour,9.0,291992.813007505,5037775.49999535,-73.66382,45.479788
214014,Méfait,2023-01-25,jour,42.0,298225.239993171,5048386.13799722,-73.584242,45.575353
214015,Vol dans / sur véhicule à moteur,2023-01-25,jour,9.0,294604.287001897,5037754.1910051,-73.630416,45.479639
214016,Vol de véhicule à moteur,2023-01-25,jour,13.0,296176.7209946211,5034170.925000089,-73.61024,45.447416
214017,Vol de véhicule à moteur,2023-01-25,jour,23.0,300450.022,5044441.22,-73.555701,45.539872
214018,Vol de véhicule à moteur,2023-01-25,soir,5.0,279917.495998491,5035734.75999352,-73.818174,45.461098
214019,Vol de véhicule à moteur,2023-01-25,soir,42.0,298583.188002583,5049564.99999302,-73.579671,45.585964
214020,Vol de véhicule à moteur,2023-01-25,soir,31.0,296710.859003655,5045774.66900294,-73.603603,45.551838
214022,Vol de véhicule à moteur,2023-01-25,soir,48.0,302729.427,5049772.047,-73.526536,45.587851
214023,Vol de véhicule à moteur,2023-01-25,soir,7.0,286846.543886,5042377.844862,-73.729816,45.521088
214024,Vol de véhicule à moteur,2023-01-26,nuit,26.0,295154.443997359,5041318.66700803,-73.623449,45.511721
214025,Vol de véhicule à moteur,2023-01-26,nuit,20.0,299602.687999652,5038999.24100263,-73.566493,45.490897
214026,Vol de véhicule à moteur,2023-01-26,nuit,10.0,289295.31200926,5043035.50700622,-73.698491,45.527064
214027,Vol de véhicule à moteur,2023-01-26,nuit,13.0,297263.323,5031816.79,-73.596313,45.426245
214028,Méfait,2023-01-26,nuit,50.0,298627.461293,5039531.172402,-73.578977,45.495676
214030,Vol dans / sur véhicule à moteur,2023-01-26,jour,16.0,299802.781001393,5036797.50000194,-73.563911,45.471087
214031,Méfait,2023-01-24,soir,50.0,300026.312,5041712.579,-73.5611,45.515316
214032,Vols qualifiés,2023-01-24,soir,10.0,287527.398003384,5043566.48499547,-73.721142,45.531801
214034,Introduction,2023-01-23,soir,35.0,295672.8560043571,5043982.71799138,-73.616864,45.5357
214035,Vol de véhicule à moteur,2023-01-23,soir,10.0,287979.98200644,5042932.7290036,-73.715326,45.526109
214036,Vol de véhicule à moteur,2023-01-23,jour,27.0,292674.654008993,5044190.82100288,-73.655257,45.537527
214038,Méfait,2023-01-23,nuit,31.0,296792.743996095,5045906.63700202,-73.602556,45.553026
214039,Vols qualifiés,2023-01-23,nuit,13.0,295127.042,5033131.062,-73.623638,45.438045
214040,Méfait,2023-01-21,jour,27.0,293381.179004409,5047532.04000023,-73.646289,45.567605
214042,Vol de véhicule à moteur,2023-01-20,nuit,39.0,295603.596996165,5052374.60300269,-73.617908,45.611212
214043,Vol de véhicule à moteur,2023-01-20,nuit,9.0,293675.281008482,5037501.00000162,-73.642293,45.477346
214044,Vol de véhicule à moteur,2023-01-19,soir,4.0,282883.2810071191,5039328.00000049,-73.780411,45.493531
214045,Vol dans / sur véhicule à moteur,2023-01-19,jour,16.0,299166.6030001511,5035702.79299672,-73.572035,45.461231
214047,Vol de véhicule à moteur,2023-01-17,soir,23.0,300528.142,5044621.755,-73.554702,45.541497
214048,Introduction,2023-01-17,soir,48.0,303618.049008877,5050407.02699495,-73.515149,45.593567
214049,Vol dans / sur véhicule à moteur,2023-01-17,jour,7.0,286522.549,5039224.509,-73.733846,45.492705
214050,Vol de véhicule à moteur,2023-01-17,jour,27.0,291674.507,5046156.19,-73.668116,45.555194
214052,Introduction,2023-01-17,nuit,31.0,295191.415,5043249.07,-73.623014,45.529092
214062,Vol de véhicule à moteur,2023-01-26,jour,10.0,286703.1039932671,5042715.38799691,-73.731664,45.524121
214214,Méfait,2023-01-26,jour,27.0,291777.519991793,5046766.57299463,-73.666813,45.560689
214215,Vol de véhicule à moteur,2023-01-26,jour,44.0,298544.684001083,5045604.09800914,-73.580114,45.550322
214220,Vol dans / sur véhicule à moteur,2023-01-26,jour,23.0,300450.022,5044441.22,-73.555701,45.539872
214221,Méfait,2023-01-26,soir,50.0,298042.337,5037496.564,-73.586436,45.477362
214222,Vol dans / sur véhicule à moteur,2023-01-26,soir,38.0,297976.904991628,5042724.08200463,-73.587345,45.524401
214223,Introduction,2023-01-26,soir,48.0,301636.407998182,5048033.405997969,-73.540533,45.572203
214224,Vols qualifiés,2023-01-26,soir,22.0,300721.888,5043736.101,-73.552214,45.533529
214225,Vols qualifiés,2023-01-26,soir,3.0,275591.4029666091,5037623.382878169,-73.873603,45.477925
214226,Vol de véhicule à moteur,2023-01-27,nuit,39.0,296033.122,5053164.494,-73.612415,45.618325
214227,Vol de véhicule à moteur,2023-01-27,nuit,10.0,290393.717992082,5043714.14199122,-73.684449,45.533195
214228,Introduction,2023-01-27,nuit,35.0,295911.553,5044355.856,-73.613814,45.539061
214230,Vol de véhicule à moteur,2023-01-27,jour,42.0,298128.0939992211,5050891.000008049,-73.585521,45.597891
214231,Vol dans / sur véhicule à moteur,2023-01-27,jour,22.0,300456.724006378,5042265.7379944,-73.555596,45.520297
214233,Méfait,2023-01-27,jour,50.0,299198.734205,5039495.114064,-73.571667,45.495356
214236,Vol de véhicule à moteur,2023-01-27,jour,10.0,290002.230006917,5043624.4279941,-73.689459,45.532379
214238,Vol de véhicule à moteur,2023-01-27,jour,42.0,297056.687994428,5051232.49999651,-73.59926,45.600953
214239,Vol dans / sur véhicule à moteur,2023-01-27,jour,20.0,298642.56,5039642.674,-73.578785,45.49668
214240,Introduction,2023-01-27,jour,46.0,300315.406004331,5051478.4999944,-73.557489,45.603195
214241,Vol dans / sur véhicule à moteur,2023-01-16,jour,39.0,295163.20600225,5051729.36199369,-73.623542,45.6054
214242,Méfait,2023-01-27,jour,39.0,294912.08200437,5051626.38500391,-73.626759,45.60447
214243,Introduction,2023-01-27,soir,16.0,298870.499996441,5035723.00000299,-73.575821,45.46141
214244,Méfait,2023-01-27,soir,50.0,300757.711,5042597.38,-73.551746,45.523283
214245,Vol de véhicule à moteur,2023-01-28,nuit,48.0,302800.405425273,5050103.64221497,-73.525628,45.590835
214246,Vol de véhicule à moteur,2023-01-28,nuit,31.0,295854.902992684,5045713.13400377,-73.614564,45.551274
214247,Introduction,2023-01-28,jour,39.0,293335.504008018,5050099.75299892,-73.646934,45.590709
214248,Vol dans / sur véhicule à moteur,2023-01-28,jour,49.0,304077.060995664,5052372.32900784,-73.509269,45.611252
214250,Introduction,2023-01-28,jour,38.0,299100.393990112,5043467.59300002,-73.572972,45.531102
214251,Introduction,2023-01-28,jour,15.0,298396.408899675,5036946.26092534,-73.5819,45.472414
214252,Vol dans / sur véhicule à moteur,2023-01-28,jour,20.0,299000.153997868,5040302.14499366,-73.574217,45.502617
214254,Vol de véhicule à moteur,2023-01-28,jour,31.0,295950.265010091,5045651.87799369,-73.613342,45.550724
214255,Vol dans / sur véhicule à moteur,2023-01-28,soir,21.0,299638.114990254,5041506.075006969,-73.566067,45.513455
214256,Vols qualifiés,2023-01-28,soir,20.0,299298.311,5039389.895,-73.570392,45.49441
214258,Vol de véhicule à moteur,2023-01-28,soir,15.0,298216.676995738,5037731.04000844,-73.584209,45.479474
214259,Introduction,2023-01-29,nuit,15.0,298431.378751509,5036999.66598265,-73.581453,45.472895
214260,Méfait,2023-01-29,nuit,39.0,294921.151003436,5051614.521999209,-73.626643,45.604363
214261,Introduction,2023-01-29,nuit,31.0,295012.396008538,5042817.02699426,-73.625297,45.525202
216413,Méfait,2023-01-16,nuit,39.0,295113.332998161,5053587.52799822,-73.624218,45.62212
216414,Introduction,2023-01-16,nuit,42.0,297765.775,5047562.788,-73.590117,45.567939
216415,Vol de véhicule à moteur,2023-01-16,jour,38.0,297436.626006605,5042926.097003009,-73.594264,45.526213
216416,Vol dans / sur véhicule à moteur,2023-01-16,jour,9.0,295578.449008531,5037165.04200346,-73.617944,45.474351
216418,Introduction,2023-01-16,jour,9.0,296729.589996882,5037235.52099119,-73.603222,45.474999
216419,Vol de véhicule à moteur,2023-01-16,jour,39.0,296383.987990289,5052321.21100092,-73.607902,45.610742
219869,Vol dans / sur véhicule à moteur,2023-01-25,nuit,7.0,287693.613,5040648.871,-73.718913,45.505551
219870,Infractions entrainant la mort,2023-01-25,nuit,22.0,300219.66199543,5043573.10300534,-73.558643,45.532059
219872,Vol de véhicule à moteur,2023-01-25,nuit,9.0,292080.469002005,5036650.00000287,-73.66267,45.469661
219874,Introduction,2023-01-25,jour,46.0,297627.891003241,5052168.13299875,-73.591952,45.609378
219875,Vol dans / sur véhicule à moteur,2023-01-25,jour,10.0,291621.989001354,5044060.1839917,-73.668733,45.536333
219878,Vol de véhicule à moteur,2023-01-25,jour,31.0,296880.85200958,5045423.16299708,-73.60142,45.548677
219879,Introduction,2023-01-25,jour,49.0,305082.983007363,5056735.10000118,-73.496369,45.65051
219881,Vol de véhicule à moteur,2023-01-25,jour,26.0,294989.376008293,5040890.42299559,-73.625553,45.507866
219882,Vol dans / sur véhicule à moteur,2023-01-25,soir,15.0,300376.521,5037547.343,-73.55658,45.477838
219883,Vol de véhicule à moteur,2023-01-25,soir,46.0,299868.16000680806,5050807.78199172,-73.563216,45.597157
219884,Vol de véhicule à moteur,2023-01-25,soir,5.0,285903.0,5033523.5,-73.741553,45.441388
219885,Vols qualifiés,2023-01-25,soir,42.0,299011.735996275,5049127.67899776,-73.574174,45.582032
219887,Vol de véhicule à moteur,2023-01-26,nuit,49.0,305137.744,5058649.079,-73.495665,45.667732
219888,Introduction,2023-01-26,nuit,10.0,292762.6699949171,5043640.81500442,-73.654117,45.53258
219889,Vol de véhicule à moteur,2023-01-26,jour,26.0,292654.967,5039588.77,-73.655396,45.496116
219891,Vol de véhicule à moteur,2023-01-26,jour,39.0,294272.478996951,5048724.58599359,-73.634896,45.57835
219892,Vol de véhicule à moteur,2023-01-26,jour,35.0,296787.02899032,5043549.89300198,-73.602591,45.531819
219894,Vol de véhicule à moteur,2023-01-26,jour,21.0,299607.229996775,5040686.566999289,-73.566453,45.506081
219895,Vol de véhicule à moteur,2023-01-26,soir,42.0,295271.814,5049549.244,-73.622107,45.585784
219896,Vols qualifiés,2023-01-26,soir,7.0,291518.219,5042330.5,-73.670014,45.520766
219897,Vol de véhicule à moteur,2023-01-26,soir,7.0,288836.977,5039722.907,-73.704251,45.497246
219898,Vols qualifiés,2023-01-27,nuit,26.0,294151.067010422,5038514.03499163,-73.63623,45.486469
219901,Vol de véhicule à moteur,2023-01-27,jour,5.0,282667.406007056,5035429.4999998,-73.782998,45.458444
219902,Vol de véhicule à moteur,2023-01-27,jour,26.0,292654.967,5039588.77,-73.655396,45.496116
219904,Méfait,2023-01-27,jour,38.0,299447.213005499,5041629.576003569,-73.568511,45.514565
219905,Vol dans / sur véhicule à moteur,2023-01-27,jour,46.0,300215.964,5053139.01,-73.55878,45.618136
219906,Introduction,2023-01-27,jour,26.0,294768.446004585,5037904.82099952,-73.628319,45.480997
219907,Vol dans / sur véhicule à moteur,2023-01-27,soir,22.0,300770.092010272,5043377.59700664,-73.551594,45.530303
219908,Vol de véhicule à moteur,2023-01-27,soir,48.0,301659.60500581405,5048899.34899326,-73.540241,45.579995
219909,Vol de véhicule à moteur,2023-01-27,soir,5.0,281095.815,5034232.094,-73.803035,45.447618
219910,Méfait,2023-01-28,nuit,26.0,294642.270006586,5039010.921999729,-73.629956,45.490948
219911,Vol dans / sur véhicule à moteur,2023-01-28,jour,16.0,299962.875346374,5035632.652884929,-73.561852,45.460606
219912,Introduction,2023-01-28,jour,22.0,300900.756001325,5043550.11899872,-73.549922,45.531857
219913,Méfait,2023-01-28,jour,10.0,292854.259,5043730.233,-73.652947,45.533386
219914,Vol dans / sur véhicule à moteur,2023-01-28,jour,45.0,297102.538991386,5054941.799995329,-73.598731,45.634331
219915,Vol dans / sur véhicule à moteur,2023-01-28,jour,48.0,303597.1879932,5052231.402002649,-73.515421,45.609983
219917,Vol de véhicule à moteur,2023-01-28,soir,38.0,299444.894000941,5042540.85099399,-73.568551,45.522765
220069,Vol de véhicule à moteur,2023-01-28,soir,31.0,296915.812992836,5045482.75099532,-73.600973,45.549213
220070,Vol de véhicule à moteur,2023-01-28,soir,7.0,289030.073,5039917.322,-73.701786,45.499
220071,Vol de véhicule à moteur,2023-01-28,soir,4.0,281746.812995011,5038067.50000358,-73.794892,45.482152
220072,Méfait,2023-01-28,soir,22.0,299857.202000676,5042558.08700028,-73.563273,45.522923
220076,Méfait,2023-01-29,jour,3.0,278849.5940030511,5041316.500006369,-73.832124,45.511286
220077,Vol de véhicule à moteur,2023-01-29,jour,3.0,274238.276649089,5036088.952362649,-73.890815,45.46406
220078,Vol de véhicule à moteur,2023-01-29,jour,42.0,297599.780996317,5050378.500007849,-73.592286,45.593274
220079,Vol de véhicule à moteur,2023-01-29,jour,48.0,303116.413009249,5050274.10300671,-73.521578,45.59237
220080,Vol dans / sur véhicule à moteur,2023-01-29,jour,13.0,294220.718999434,5032352.50000538,-73.635206,45.431026
220081,Vol de véhicule à moteur,2023-01-29,jour,9.0,295366.790010382,5036833.70799959,-73.620645,45.471367
220082,Vol dans / sur véhicule à moteur,2023-01-29,jour,15.0,298127.100996992,5035046.68199347,-73.585318,45.455318
220083,Vol de véhicule à moteur,2023-01-30,nuit,48.0,302904.495001501,5052284.54899277,-73.524302,45.61046
220086,Vol dans / sur véhicule à moteur,2023-01-17,nuit,49.0,304207.031995193,5057141.49800376,-73.507608,45.654166
220087,Vol dans / sur véhicule à moteur,2023-01-17,jour,22.0,301121.969992317,5043154.01999334,-73.547087,45.528294
220088,Vol de véhicule à moteur,2023-01-30,jour,26.0,292240.877003305,5039886.05300504,-73.660701,45.498784
220091,Vol dans / sur véhicule à moteur,2023-01-30,soir,20.0,299514.328002881,5039821.76200076,-73.567633,45.498298
220092,Introduction,2023-01-30,soir,23.0,301525.739993726,5044387.55899099,-73.541926,45.539395
220093,Introduction,2023-01-30,soir,26.0,294892.735994554,5039948.08099801,-73.626771,45.499385
220095,Introduction,2023-01-30,soir,26.0,294892.735994554,5039948.08099801,-73.626771,45.499385
220096,Introduction,2023-01-31,nuit,42.0,297026.655991041,5048487.00000584,-73.599601,45.576248
220097,Vol de véhicule à moteur,2023-01-31,nuit,16.0,299645.188,5035871.0,-73.565917,45.462748
220100,Méfait,2023-01-17,soir,1.0,277546.749993764,5032856.49999748,-73.848329,45.43511
220101,Vol de véhicule à moteur,2023-01-31,jour,46.0,300845.051993035,5050926.09100417,-73.550695,45.598228
220102,Vol dans / sur véhicule à moteur,2023-01-17,jour,21.0,299621.716004548,5041432.57499743,-73.566276,45.512794
220103,Méfait,2023-01-27,jour,48.0,300943.694998629,5048733.593004529,-73.549413,45.5785
220104,Vol dans / sur véhicule à moteur,2023-01-30,jour,5.0,282666.281004402,5035043.49999596,-73.782995,45.454971
220105,Vol dans / sur véhicule à moteur,2023-01-31,jour,23.0,301252.433990514,5044504.53400836,-73.545427,45.540447
220106,Méfait,2023-01-31,soir,46.0,298870.844007287,5051836.0000024,-73.576012,45.606401
220112,Vol dans / sur véhicule à moteur,2023-01-20,jour,39.0,295434.781004747,5052250.00000378,-73.62007,45.610089
220118,Vol dans / sur véhicule à moteur,2023-01-21,soir,39.0,293553.280996688,5049930.49999246,-73.644139,45.589189
220119,Méfait,2023-01-22,jour,7.0,287941.796,5040920.134,-73.715746,45.507998
220278,Vol dans / sur véhicule à moteur,2023-01-23,jour,22.0,300343.738004182,5043491.47800478,-73.557053,45.531326
220300,Méfait,2023-01-19,nuit,23.0,301967.186991046,5045626.11700506,-73.536281,45.550542
220302,Vol de véhicule à moteur,2023-01-31,nuit,1.0,278503.667993466,5034187.86599123,-73.83617,45.447127
220303,Vol de véhicule à moteur,2023-01-30,soir,42.0,296109.196,5051087.405,-73.611403,45.599636
220305,Vol de véhicule à moteur,2023-01-30,soir,46.0,299675.1920076,5050910.87299755,-73.565691,45.598083
220307,Vol dans / sur véhicule à moteur,2023-01-24,jour,26.0,295797.546,5040825.557,-73.615209,45.507293
220308,Vol de véhicule à moteur,2023-01-30,jour,20.0,299545.000000542,5039801.367999369,-73.56724,45.498115
220309,Introduction,2023-01-30,nuit,22.0,300613.088000477,5044193.60399925,-73.553611,45.537645
220310,Vols qualifiés,2023-01-30,nuit,26.0,295484.3400097711,5039454.57699159,-73.619191,45.494952
220311,Vols qualifiés,2023-01-30,nuit,26.0,295484.3400097711,5039454.57699159,-73.619191,45.494952
220313,Vol de véhicule à moteur,2023-01-27,soir,7.0,289317.138350348,5037884.73297847,-73.698049,45.480716
220314,Vol de véhicule à moteur,2023-01-27,jour,46.0,299675.1920076,5050910.87299755,-73.565691,45.598083
220315,Vol de véhicule à moteur,2023-01-27,jour,46.0,299675.1920076,5050910.87299755,-73.565691,45.598083
220316,Vol de véhicule à moteur,2023-01-27,jour,7.0,289317.138350348,5037884.73297847,-73.698049,45.480716
220317,Vol dans / sur véhicule à moteur,2023-01-26,soir,20.0,299545.000000542,5039801.367999369,-73.56724,45.498115
220318,Vol dans / sur véhicule à moteur,2023-01-26,soir,20.0,298790.620009494,5039874.63099196,-73.576894,45.498768
220319,Vol de véhicule à moteur,2023-01-26,soir,39.0,294956.219009433,5050771.5000065,-73.626176,45.596778
220320,Vol de véhicule à moteur,2023-01-26,soir,39.0,295419.275003421,5050819.51000348,-73.620242,45.597217
220323,Vol dans / sur véhicule à moteur,2023-01-24,soir,7.0,291541.352,5043064.607,-73.669738,45.527373
220324,Vols qualifiés,2023-01-24,soir,10.0,289269.288,5044283.318,-73.698864,45.538292
220325,Vol dans / sur véhicule à moteur,2023-01-24,soir,7.0,288500.645,5039326.563,-73.708541,45.493672
220326,Vol de véhicule à moteur,2023-01-24,soir,42.0,296031.030997948,5048950.50000578,-73.612367,45.580407
220327,Vol de véhicule à moteur,2023-01-23,soir,7.0,285629.781004686,5039127.9999946,-73.745264,45.491812
220483,Méfait,2023-01-23,soir,26.0,295226.053992686,5039934.68400258,-73.622505,45.499269
220484,Méfait,2023-01-23,nuit,13.0,293469.7739970691,5031193.19900438,-73.644777,45.420582
220485,Introduction,2023-01-22,soir,21.0,299900.12499598094,5040485.90699122,-73.562703,45.504277
220486,Vol dans / sur véhicule à moteur,2023-01-22,soir,42.0,297880.147008667,5049428.34499562,-73.588679,45.584727
220487,Méfait,2023-01-21,soir,16.0,299551.906009184,5035777.50000308,-73.567109,45.461906
220490,Vol de véhicule à moteur,2023-01-21,nuit,20.0,297906.949992876,5039586.0100064,-73.588197,45.496163
220491,Vol de véhicule à moteur,2023-01-21,nuit,38.0,297921.711997645,5042033.07499508,-73.588042,45.518183
220493,Introduction,2023-01-20,nuit,31.0,296275.384993467,5045888.572995,-73.609182,45.552858
220494,Méfait,2023-01-20,nuit,23.0,301284.017995012,5045102.45300398,-73.545027,45.545827
220495,Vol de véhicule à moteur,2023-01-20,nuit,8.0,287386.553,5035839.13,-73.722671,45.462264
220496,Introduction,2023-01-19,jour,7.0,290333.000002674,5041785.00000783,-73.68517,45.515834
220497,Méfait,2023-01-18,soir,26.0,295191.003,5037861.239,-73.622913,45.48061
220498,Vol dans / sur véhicule à moteur,2023-01-18,jour,27.0,292974.375006847,5048406.53700446,-73.651522,45.575467
220499,Vols qualifiés,2023-01-18,jour,20.0,299420.778,5040810.504,-73.568841,45.507195
220500,Vol de véhicule à moteur,2023-01-17,soir,7.0,289932.074,5038532.123,-73.690203,45.486555
220501,Vol de véhicule à moteur,2023-01-17,soir,38.0,298673.990992628,5044232.09499494,-73.57844,45.537977
220502,Introduction,2023-01-17,nuit,38.0,298559.073996862,5041837.19700481,-73.579881,45.516426
220503,Vol de véhicule à moteur,2023-01-16,jour,5.0,287212.537,5037888.24,-73.72497,45.480698
220504,Vol de véhicule à moteur,2023-01-16,jour,46.0,300499.764992326,5050757.16099428,-73.55512,45.596706
220505,Introduction,2023-01-16,jour,9.0,294929.080004666,5036885.5260004895,-73.626244,45.471827
222103,Vol dans / sur véhicule à moteur,2023-01-16,jour,3.0,275120.069,5036573.733,-73.879569,45.46846
222104,Vol de véhicule à moteur,2023-01-16,jour,27.0,293660.124009255,5047997.68800527,-73.642726,45.571799
222105,Introduction,2023-01-16,jour,21.0,299896.898,5041504.213,-73.562754,45.51344
222106,Vol de véhicule à moteur,2023-01-16,jour,26.0,296181.37999699,5039538.17499417,-73.610274,45.495713
222107,Vol de véhicule à moteur,2023-01-16,jour,38.0,299022.899,5042969.088,-73.573958,45.526615
222108,Vol de véhicule à moteur,2023-01-16,jour,39.0,294462.4689962911,5050699.49999191,-73.632503,45.596123
222110,Méfait,2023-01-16,jour,9.0,291872.244992539,5035377.29999565,-73.6653,45.458205
222111,Vol de véhicule à moteur,2023-01-16,jour,9.0,294454.551991204,5036671.25200343,-73.632308,45.469892
222114,Vol dans / sur véhicule à moteur,2023-01-16,jour,46.0,300894.613997094,5050346.98900189,-73.550055,45.593017
222115,Vol de véhicule à moteur,2023-01-16,jour,46.0,299675.1920076,5050910.87299755,-73.565691,45.598083
222116,Vol dans / sur véhicule à moteur,2023-01-16,soir,20.0,299841.999009091,5040376.14399302,-73.563446,45.503289
222117,Vol de véhicule à moteur,2023-01-16,soir,4.0,281746.812995011,5038067.50000358,-73.794892,45.482152
222118,Vol de véhicule à moteur,2023-01-16,soir,26.0,296318.110009555,5042582.47200336,-73.608578,45.523109
222272,Vol dans / sur véhicule à moteur,2023-01-17,jour,31.0,295529.792006416,5045475.56899292,-73.618724,45.549132
222273,Introduction,2023-01-17,jour,38.0,297527.186010471,5042866.0439924,-73.593104,45.525674
222275,Méfait,2023-01-17,jour,9.0,291872.244992539,5035377.29999565,-73.6653,45.458205
222279,Vol dans / sur véhicule à moteur,2023-01-17,jour,7.0,290446.39500910894,5041683.07299985,-73.683715,45.514919
222280,Vol dans / sur véhicule à moteur,2023-01-17,jour,15.0,297858.076995907,5037642.03799733,-73.588794,45.47867
222281,Introduction,2023-01-17,jour,38.0,299087.941007396,5042087.23399221,-73.573115,45.518681
222282,Vol de véhicule à moteur,2023-01-17,jour,39.0,294948.063002601,5050177.00000701,-73.626269,45.591429
222283,Vol de véhicule à moteur,2023-01-17,soir,5.0,282696.124989655,5034680.0000081295,-73.782597,45.451701
222285,Vol de véhicule à moteur,2023-01-17,soir,1.0,269498.846005583,5030264.308993249,-73.951002,45.411425
222286,Introduction,2023-01-17,soir,26.0,293912.474998434,5038678.21300048,-73.639286,45.487943
222288,Vol dans / sur véhicule à moteur,2023-01-18,nuit,38.0,299141.621009158,5043919.43699544,-73.572449,45.535168
222291,Vol de véhicule à moteur,2023-01-18,jour,9.0,296462.786996145,5036938.35899724,-73.60663,45.472322
222292,Vol de véhicule à moteur,2023-01-18,jour,48.0,302294.026286,5052396.61266,-73.53213,45.611467
222295,Introduction,2023-01-18,jour,26.0,295581.987,5040487.15,-73.617961,45.504245
222299,Vol dans / sur véhicule à moteur,2023-01-18,jour,20.0,299697.209001688,5040093.09299753,-73.565295,45.500741
222300,Introduction,2023-01-18,jour,48.0,302500.176,5049340.663,-73.529472,45.583969
222303,Vol de véhicule à moteur,2023-01-18,jour,10.0,293085.606,5043478.891,-73.649978,45.531128
222304,Vol de véhicule à moteur,2023-01-18,jour,4.0,281661.244993614,5038193.26300299,-73.795993,45.483281
222305,Méfait,2023-01-18,jour,23.0,301069.867997592,5045941.06500712,-73.547775,45.553372
222306,Introduction,2023-01-18,jour,10.0,287710.736,5043078.067,-73.718778,45.52741
222307,Introduction,2023-01-18,jour,13.0,294811.380311,5031922.030386,-73.627649,45.427161
222308,Introduction,2023-01-18,soir,38.0,299495.203000594,5044060.67500516,-73.567923,45.536442
222309,Méfait,2023-01-18,soir,23.0,301933.074992027,5045546.7800084,-73.536717,45.549828
222310,Vol de véhicule à moteur,2023-01-18,soir,42.0,297586.655993907,5047895.99999458,-73.592417,45.570936
222311,Introduction,2023-01-18,soir,7.0,291511.146,5040088.902,-73.670044,45.500596
222312,Vol de véhicule à moteur,2023-01-18,soir,48.0,300943.694998629,5048733.593004529,-73.549413,45.5785
222314,Vol de véhicule à moteur,2023-01-18,soir,26.0,292773.397996412,5039407.64400434,-73.653876,45.494488
222315,Introduction,2023-01-18,soir,26.0,294892.735994554,5039948.08099801,-73.626771,45.499385
222317,Vol de véhicule à moteur,2023-01-19,nuit,38.0,298161.005998265,5042499.07999246,-73.584985,45.522378
222319,Vol de véhicule à moteur,2023-01-19,nuit,9.0,293612.673990586,5037180.62299845,-73.643087,45.474462
222320,Vol de véhicule à moteur,2023-01-19,nuit,16.0,299490.655990797,5036115.50000332,-73.567896,45.464947
222321,Introduction,2023-01-19,nuit,26.0,295191.003,5037861.239,-73.622913,45.48061
222322,Introduction,2023-01-19,nuit,38.0,299538.0909928641,5043653.09699701,-73.56737,45.532774
222323,Vol de véhicule à moteur,2023-01-19,nuit,23.0,301378.700002436,5045894.04600358,-73.54382,45.552951
222480,Introduction,2023-01-19,jour,26.0,294892.735994554,5039948.08099801,-73.626771,45.499385
222481,Vol de véhicule à moteur,2023-01-19,jour,27.0,292896.322996584,5048275.503009129,-73.652519,45.574286
222482,Vol dans / sur véhicule à moteur,2023-01-19,jour,10.0,291391.005008062,5044158.53300819,-73.671693,45.537213
222487,Méfait,2023-01-19,jour,9.0,294506.679,5035064.35,-73.631608,45.455433
222489,Introduction,2023-01-19,jour,38.0,298783.9179995621,5041441.57199666,-73.576999,45.512868
222490,Vol de véhicule à moteur,2023-01-19,jour,46.0,299675.1920076,5050910.87299755,-73.565691,45.598083
222493,Vol de véhicule à moteur,2023-01-19,soir,5.0,281095.815,5034232.094,-73.803035,45.447618
222494,Vol de véhicule à moteur,2023-01-19,soir,7.0,288836.977,5039722.907,-73.704251,45.497246
222495,Méfait,2023-01-19,soir,8.0,290865.344009816,5034018.49999558,-73.678136,45.445959
222498,Vol dans / sur véhicule à moteur,2023-01-20,jour,21.0,299823.693,5041388.205,-73.56369,45.512396
222501,Vol de véhicule à moteur,2023-01-20,jour,26.0,293934.443001128,5038715.99199181,-73.639005,45.488283
222503,Vol dans / sur véhicule à moteur,2023-01-20,jour,39.0,294184.719000168,5049411.49999579,-73.636035,45.584529
222505,Introduction,2023-01-20,jour,35.0,297598.398,5043772.687,-73.592206,45.533833
222506,Vol de véhicule à moteur,2023-01-20,jour,7.0,289426.921,5038045.241,-73.69665,45.482163
222507,Vol de véhicule à moteur,2023-01-20,jour,23.0,302066.287006878,5045487.61699406,-73.535011,45.549296
222510,Vol de véhicule à moteur,2023-01-20,soir,15.0,300127.307989672,5037704.42300098,-73.559769,45.47925
222511,Méfait,2023-01-20,soir,27.0,292997.02199128293,5046255.26700905,-73.65118,45.556109
222512,Vols qualifiés,2023-01-20,soir,16.0,299168.093992302,5035075.999996689,-73.572009,45.455591
222513,Méfait,2023-01-21,nuit,1.0,277396.9669984951,5035983.48599808,-73.850418,45.463242
222514,Vol dans / sur véhicule à moteur,2023-01-21,jour,21.0,299551.032,5041101.873,-73.567177,45.509817
222516,Vol de véhicule à moteur,2023-01-21,jour,42.0,297349.937993805,5049079.99999204,-73.595468,45.581587
222517,Vol dans / sur véhicule à moteur,2023-01-21,jour,5.0,281095.815,5034232.094,-73.803035,45.447618
222519,Méfait,2023-01-21,jour,3.0,279664.116,5040724.416,-73.821669,45.505988
222520,Introduction,2023-01-21,soir,26.0,296261.938001703,5041634.99999883,-73.60928,45.514582
222521,Vols qualifiés,2023-01-21,soir,10.0,288582.962007715,5043571.3529928895,-73.707628,45.53187
222523,Vol dans / sur véhicule à moteur,2023-01-22,nuit,20.0,298655.741001925,5040094.05699971,-73.578622,45.500741
222524,Vol dans / sur véhicule à moteur,2023-01-22,nuit,22.0,299857.202000676,5042558.08700028,-73.563273,45.522923
222525,Vol de véhicule à moteur,2023-01-22,jour,7.0,287512.173,5040490.443,-73.721229,45.504121
222526,Introduction,2023-01-22,jour,26.0,294691.364996481,5038183.93099682,-73.629311,45.483507
222527,Introduction,2023-01-22,jour,44.0,299580.37799975,5047993.58300588,-73.566875,45.571832
222528,Introduction,2023-01-22,jour,38.0,298445.338,5042870.102,-73.58135,45.525719
222529,Vol de véhicule à moteur,2023-01-22,jour,7.0,288836.977,5039722.907,-73.704251,45.497246
222530,Vol de véhicule à moteur,2023-01-22,jour,26.0,294039.111,5040394.22,-73.637703,45.503386
222681,Vol de véhicule à moteur,2023-01-22,jour,15.0,297745.229999029,5035713.88099302,-73.59021,45.461318
222682,Vol de véhicule à moteur,2023-01-22,jour,13.0,294220.718999434,5032352.50000538,-73.635206,45.431026
222683,Vol dans / sur véhicule à moteur,2023-01-22,jour,20.0,299697.209001688,5040093.09299753,-73.565295,45.500741
222684,Introduction,2023-01-22,soir,48.0,302005.50700169,5048149.60600694,-73.535804,45.57325
222685,Introduction,2023-01-23,nuit,31.0,293696.111990956,5043640.56100792,-73.642166,45.532593
222686,Méfait,2023-01-23,jour,7.0,288836.977,5039722.907,-73.704251,45.497246
222687,Méfait,2023-01-23,jour,44.0,300262.802,5048107.821,-73.558132,45.572865
222689,Introduction,2023-01-23,jour,48.0,301659.60500581405,5048899.34899326,-73.540241,45.579995
222690,Vol dans / sur véhicule à moteur,2023-01-23,jour,23.0,301682.189995892,5046559.67600812,-73.539937,45.558942
222691,Vol dans / sur véhicule à moteur,2023-01-23,jour,12.0,298505.553008271,5039407.55100186,-73.580535,45.494563
222693,Introduction,2023-01-23,jour,12.0,298241.0390003111,5039087.59700226,-73.583915,45.491681
222695,Méfait,2023-01-23,jour,9.0,294320.581991436,5036467.021998569,-73.634017,45.468052
222698,Vol de véhicule à moteur,2023-01-23,jour,45.0,298369.735002543,5054964.57300441,-73.582477,45.634548
222699,Vols qualifiés,2023-01-23,jour,10.0,288964.989,5043979.901,-73.70275,45.535555
222700,Vol de véhicule à moteur,2023-01-23,jour,38.0,298477.384006025,5042189.77699489,-73.580931,45.519598
222702,Vol de véhicule à moteur,2023-01-23,jour,20.0,299141.493999985,5039636.48999654,-73.572401,45.496628
222704,Méfait,2023-01-23,jour,38.0,298795.069,5041035.639,-73.576851,45.509215
222706,Vol de véhicule à moteur,2023-01-23,soir,7.0,285377.530997332,5039500.00000886,-73.748506,45.495153
222707,Vol de véhicule à moteur,2023-01-24,nuit,4.0,278518.500004302,5037949.99999531,-73.836181,45.480981
222708,Vol dans / sur véhicule à moteur,2023-01-24,nuit,21.0,299823.693,5041388.205,-73.56369,45.512396
222709,Méfait,2023-01-24,nuit,38.0,299447.213005499,5041629.576003569,-73.568511,45.514565
222710,Vol de véhicule à moteur,2023-01-24,nuit,8.0,287386.553,5035839.13,-73.722671,45.462264
222711,Vol de véhicule à moteur,2023-01-24,jour,45.0,298669.310997007,5056155.29800493,-73.57865,45.645266
222712,Vol de véhicule à moteur,2023-01-24,jour,12.0,297850.094,5038625.0,-73.58891,45.487515
222713,Vol dans / sur véhicule à moteur,2023-01-24,jour,31.0,295540.730990092,5044713.48399882,-73.618569,45.542274
222714,Vol de véhicule à moteur,2023-01-24,jour,1.0,277687.436998644,5034280.4560055295,-73.846609,45.447929
222716,Introduction,2023-01-24,jour,4.0,281357.769009939,5038642.1789974,-73.799896,45.48731
222717,Méfait,2023-01-24,jour,10.0,290219.598998166,5044588.51599454,-73.686705,45.541059
222718,Vol dans / sur véhicule à moteur,2023-01-24,jour,38.0,299230.326002173,5040940.56799712,-73.571279,45.508363
222719,Méfait,2023-01-24,jour,48.0,300072.482998822,5049147.71199112,-73.560581,45.582221
222720,Méfait,2023-01-24,jour,48.0,300072.482998822,5049147.71199112,-73.560581,45.582221
222721,Méfait,2023-01-24,jour,48.0,300072.482998822,5049147.71199112,-73.560581,45.582221
222722,Méfait,2023-01-24,jour,48.0,300072.482998822,5049147.71199112,-73.560581,45.582221
222724,Vol de véhicule à moteur,2023-01-24,jour,42.0,298161.016002192,5048241.02100318,-73.585063,45.574046
222726,Introduction,2023-01-24,soir,10.0,287787.284006155,5043445.72999227,-73.717811,45.530721
222728,Introduction,2023-01-25,nuit,48.0,303091.508007793,5051358.09800454,-73.521901,45.602124
222729,Vol de véhicule à moteur,2023-01-25,nuit,31.0,294988.016009749,5043178.56800746,-73.625616,45.528455
222730,Méfait,2023-01-24,jour,48.0,300207.284995432,5049083.2570039695,-73.558853,45.581641
227204,Vol de véhicule à moteur,2023-01-16,nuit,5.0,285733.225,5033230.653,-73.743712,45.438748
227205,Vol de véhicule à moteur,2023-01-16,nuit,49.0,304558.79299341294,5056249.12899348,-73.503094,45.646137
227206,Introduction,2023-01-16,nuit,48.0,300270.679003208,5049217.21399445,-73.558042,45.582847
227207,Vol de véhicule à moteur,2023-01-16,nuit,48.0,300270.679003208,5049217.21399445,-73.558042,45.582847
227208,Introduction,2023-01-16,nuit,46.0,298224.313,5052192.5,-73.584305,45.609603
227209,Vol de véhicule à moteur,2023-01-16,nuit,1.0,273508.969005704,5034126.0000008,-73.900016,45.446365
227210,Vol de véhicule à moteur,2023-01-16,nuit,12.0,298095.302989857,5038256.144007609,-73.585768,45.484198
227211,Vol de véhicule à moteur,2023-01-16,jour,39.0,295172.062990895,5053017.50000827,-73.623454,45.616991
227212,Introduction,2023-01-16,jour,13.0,294515.187999822,5030930.50000147,-73.631413,45.418235
227213,Introduction,2023-01-16,jour,27.0,292803.13399494893,5045756.10200876,-73.653651,45.551614
227214,Vol de véhicule à moteur,2023-01-16,jour,13.0,292390.344007291,5032459.99999227,-73.658601,45.431963
227215,Méfait,2023-01-16,jour,30.0,296529.827,5046998.971,-73.605942,45.562852
227218,Méfait,2023-01-16,jour,35.0,297208.788,5043620.022,-73.597192,45.532455
227219,Vol de véhicule à moteur,2023-01-16,jour,8.0,287756.938003703,5035671.999991129,-73.717929,45.460769
227220,Introduction,2023-01-16,jour,31.0,295437.691997583,5044529.40899806,-73.619885,45.540617
227374,Vol de véhicule à moteur,2023-01-16,jour,35.0,296485.331991936,5043615.25599179,-73.606454,45.532404
227375,Vol de véhicule à moteur,2023-01-16,jour,23.0,301516.7839940511,5045458.99399732,-73.542048,45.549037
227377,Introduction,2023-01-16,soir,38.0,299174.401007776,5043646.589996,-73.572026,45.532713
227378,Méfait,2023-01-17,nuit,39.0,294885.155995422,5051308.99999596,-73.627098,45.601614
227379,Introduction,2023-01-17,nuit,44.0,299084.879998497,5046328.09399754,-73.573204,45.556841
227381,Introduction,2023-01-17,jour,44.0,297885.575992097,5047072.70200772,-73.588576,45.563531
227383,Vol dans / sur véhicule à moteur,2023-01-17,jour,27.0,293679.573999933,5044559.4820046,-73.642399,45.540861
227384,Vol de véhicule à moteur,2023-01-17,jour,30.0,297187.560996865,5046653.75299849,-73.597511,45.559754
227385,Vol dans / sur véhicule à moteur,2023-01-17,jour,8.0,287756.938003703,5035671.999991129,-73.717929,45.460769
227388,Méfait,2023-01-17,jour,42.0,298142.363005321,5047491.07099835,-73.585292,45.567298
227389,Introduction,2023-01-17,jour,39.0,295287.062995691,5053098.49999259,-73.621981,45.617722
227391,Vol dans / sur véhicule à moteur,2023-01-17,soir,31.0,293670.888,5043579.893,-73.642487,45.532047
227394,Vol dans / sur véhicule à moteur,2023-01-17,soir,22.0,300323.3060006,5042176.08399414,-73.557303,45.519489
227395,Vol dans / sur véhicule à moteur,2023-01-17,soir,45.0,299356.553990603,5057657.83699647,-73.56985,45.658791
227396,Vol de véhicule à moteur,2023-01-17,soir,15.0,299916.729008638,5037572.79299768,-73.562461,45.478064
227397,Méfait,2023-01-18,nuit,49.0,304052.2189953851,5054859.99999169,-73.509591,45.633637
227398,Vol de véhicule à moteur,2023-01-18,jour,13.0,293560.687994288,5030990.00000308,-73.64361,45.418755
227399,Méfait,2023-01-18,jour,23.0,301973.58500584,5046040.9649939,-73.536201,45.554275
227400,Vol de véhicule à moteur,2023-01-18,jour,38.0,298937.994007704,5042811.70500468,-73.575043,45.525198
227403,Vol dans / sur véhicule à moteur,2023-01-18,jour,16.0,299486.688009157,5034778.500006951,-73.567932,45.452916
227405,Méfait,2023-01-18,jour,22.0,300259.64300072,5042592.89499163,-73.558122,45.523239
227406,Vol de véhicule à moteur,2023-01-18,jour,35.0,296429.500995895,5044124.57900032,-73.607178,45.536986
227409,Vol de véhicule à moteur,2023-01-18,jour,46.0,298059.119,5051873.693,-73.586419,45.606733
227410,Méfait,2023-01-18,soir,16.0,299181.749995451,5035283.99999401,-73.571836,45.457463
227412,Vol dans / sur véhicule à moteur,2023-01-18,soir,45.0,296226.671009669,5054685.97499747,-73.60996,45.632018
227413,Méfait,2023-01-18,soir,23.0,300975.387996662,5045706.6149924,-73.548984,45.551262
227414,Vol de véhicule à moteur,2023-01-18,soir,13.0,295850.656,5031729.5,-73.614364,45.425443
227415,Vols qualifiés,2023-01-18,soir,15.0,298861.382348728,5037740.10067182,-73.575962,45.479561
227416,Introduction,2023-01-18,soir,8.0,291474.688008248,5033674.9999955,-73.670337,45.44288
227417,Introduction,2023-01-18,soir,8.0,291474.688008248,5033674.9999955,-73.670337,45.44288
227418,Introduction,2023-01-18,soir,44.0,298546.186989377,5045081.09699908,-73.580088,45.545616
227420,Vol de véhicule à moteur,2023-01-19,nuit,21.0,300182.9750027111,5040803.60100502,-73.559086,45.507138
227421,Vol de véhicule à moteur,2023-01-19,nuit,30.0,294808.983009721,5047914.136008849,-73.628005,45.571065
227423,Vol de véhicule à moteur,2023-01-19,nuit,10.0,286997.505,5042658.479,-73.727894,45.523617
227581,Vol de véhicule à moteur,2023-01-19,jour,10.0,290524.445005733,5043616.76799713,-73.682773,45.532321
227584,Méfait,2023-01-19,jour,15.0,300643.919996706,5037623.2860067,-73.55316,45.478523
227585,Vol de véhicule à moteur,2023-01-19,jour,3.0,281224.719007296,5040494.50000178,-73.801687,45.503973
227587,Introduction,2023-01-19,soir,13.0,293560.687994288,5030990.00000308,-73.64361,45.418755
227590,Vols qualifiés,2023-01-19,soir,13.0,293983.719,5032198.0,-73.638232,45.429632
227591,Vol de véhicule à moteur,2023-01-19,soir,26.0,295195.589,5042143.301,-73.622938,45.519142
227592,Introduction,2023-01-19,soir,26.0,293271.554,5040247.367,-73.647522,45.502053
227595,Méfait,2023-01-20,jour,23.0,301383.16400320205,5044791.610991489,-73.543755,45.543031
227598,Méfait,2023-01-20,jour,8.0,291831.063001876,5033576.49999668,-73.665779,45.442
227602,Introduction,2023-01-20,jour,38.0,298317.096994405,5043522.32000536,-73.583001,45.531587
227603,Vol de véhicule à moteur,2023-01-20,jour,9.0,295063.69801042,5036005.25499485,-73.624505,45.463908
227604,Vol de véhicule à moteur,2023-01-20,jour,26.0,295088.021006103,5041688.16800252,-73.624306,45.515045
227605,Vol de véhicule à moteur,2023-01-20,jour,13.0,293602.562997897,5030872.49999481,-73.643073,45.417699
227606,Vols qualifiés,2023-01-20,soir,15.0,298861.382348728,5037740.10067182,-73.575962,45.479561
227607,Vol de véhicule à moteur,2023-01-21,jour,7.0,284261.393,5038647.104,-73.762751,45.487446
227608,Méfait,2023-01-21,jour,5.0,287124.219004855,5035822.499998449,-73.726025,45.462107
227609,Introduction,2023-01-21,jour,23.0,301917.404,5045127.869,-73.536915,45.546059
227610,Vol dans / sur véhicule à moteur,2023-01-21,soir,30.0,297592.668,5046806.574,-73.592324,45.561133
227612,Introduction,2023-01-21,soir,44.0,298109.97699434205,5046208.5860013,-73.585689,45.555757
227615,Vol de véhicule à moteur,2023-01-22,jour,1.0,277339.975996765,5033377.0179955,-73.851001,45.439786
227616,Vol de véhicule à moteur,2023-01-22,nuit,7.0,289142.437993311,5040517.49999779,-73.700368,45.504403
227618,Introduction,2023-01-22,jour,7.0,287608.09,5041029.772,-73.72002,45.508977
227619,Introduction,2023-01-22,jour,22.0,301267.377993923,5043241.07700218,-73.545226,45.529078
227620,Vol de véhicule à moteur,2023-01-22,jour,13.0,295884.812999572,5031001.50000109,-73.613914,45.418892
227621,Méfait,2023-01-22,jour,15.0,297399.081996516,5037155.0349959,-73.594658,45.474283
227622,Introduction,2023-01-22,soir,5.0,283250.281,5037719.5,-73.775645,45.479069
227623,Introduction,2023-01-22,soir,15.0,297578.123008255,5034604.52299922,-73.592331,45.451334
227624,Méfait,2023-01-22,soir,13.0,296225.688,5032603.0,-73.609586,45.433308
227625,Vols qualifiés,2023-01-22,soir,20.0,299039.837006092,5039488.40799855,-73.5737,45.495295
227626,Méfait,2023-01-22,soir,46.0,300831.781001838,5051577.49999154,-73.550871,45.604089
227627,Vols qualifiés,2023-01-22,soir,15.0,298576.186003368,5038208.24100382,-73.579616,45.483771
227628,Vol de véhicule à moteur,2023-01-23,nuit,13.0,295647.343998022,5032594.00000007,-73.616978,45.433219
227629,Vol de véhicule à moteur,2023-01-23,jour,7.0,289570.094009443,5040254.00000373,-73.694887,45.502041
227630,Vol de véhicule à moteur,2023-01-23,jour,3.0,275320.337993021,5036506.91100188,-73.877003,45.467868
227631,Introduction,2023-01-23,jour,49.0,305416.832991631,5056134.90000619,-73.492087,45.645109
227635,Introduction,2023-01-23,jour,15.0,297032.919006373,5034465.06800757,-73.599299,45.450073
227636,Méfait,2023-01-23,jour,22.0,300765.508990622,5042259.01700702,-73.551643,45.520238
227790,Introduction,2023-01-23,jour,23.0,301302.350009347,5046444.716001569,-73.544801,45.557905
227793,Introduction,2023-01-23,jour,15.0,297578.123008255,5034604.52299922,-73.592331,45.451334
227796,Vol dans / sur véhicule à moteur,2023-01-23,jour,3.0,275635.1639996711,5038547.39900588,-73.873098,45.486242
227799,Vol de véhicule à moteur,2023-01-24,nuit,31.0,294616.672999003,5043121.20900642,-73.630369,45.527934
227800,Vol de véhicule à moteur,2023-01-24,jour,38.0,297751.951009995,5043230.93700034,-73.590232,45.52896
227801,Vol dans / sur véhicule à moteur,2023-01-24,jour,16.0,299168.093992302,5035075.999996689,-73.572009,45.455591
227814,Introduction,2023-01-25,jour,35.0,296598.831000655,5044388.53399505,-73.605014,45.539364
227816,Vol dans / sur véhicule à moteur,2023-01-25,soir,15.0,300646.487000117,5037775.05300771,-73.553129,45.479889
227818,Vol de véhicule à moteur,2023-01-25,soir,15.0,300212.184006364,5037780.05000205,-73.558684,45.479931
227819,Vol de véhicule à moteur,2023-01-25,soir,44.0,297951.372998861,5046556.58000856,-73.587726,45.558887
227820,Méfait,2023-01-25,soir,15.0,298576.186003368,5038208.24100382,-73.579616,45.483771
227821,Vol de véhicule à moteur,2023-01-25,soir,30.0,296238.326998578,5048478.1600033,-73.609702,45.576159
227823,Vol de véhicule à moteur,2023-01-26,jour,16.0,298838.780992482,5035241.50000857,-73.576221,45.457077
227824,Vols qualifiés,2023-01-26,soir,46.0,301077.312997262,5052223.50000121,-73.547728,45.609903
227826,Vol dans / sur véhicule à moteur,2023-01-26,soir,31.0,295933.861997108,5045137.95800047,-73.613543,45.546099
227827,Vol de véhicule à moteur,2023-01-26,soir,31.0,295811.586009741,5045920.06999191,-73.615123,45.553135
227832,Vol de véhicule à moteur,2023-01-27,soir,13.0,296261.52,5032110.53,-73.60912,45.428877
227833,Vol de véhicule à moteur,2023-01-27,soir,16.0,301824.95,5036242.258,-73.538046,45.466102
227834,Introduction,2023-01-28,nuit,27.0,292363.237006523,5045775.09400518,-73.659285,45.551778
227835,Vol de véhicule à moteur,2023-01-28,soir,26.0,294706.27900953,5041447.286001209,-73.629187,45.512872
227836,Introduction,2023-01-28,soir,4.0,281753.719003653,5038237.99999865,-73.794812,45.483686
227837,Vol dans / sur véhicule à moteur,2023-01-28,soir,39.0,296026.019,5053173.975,-73.612507,45.618411
227838,Méfait,2023-01-28,soir,7.0,284261.393,5038647.104,-73.762751,45.487446
227840,Vol de véhicule à moteur,2023-01-28,soir,23.0,300929.26599396,5045571.70199442,-73.549573,45.550048
227841,Vol de véhicule à moteur,2023-01-29,nuit,45.0,298380.156009864,5055097.281007609,-73.582346,45.635743
227842,Vol de véhicule à moteur,2023-01-29,jour,9.0,296626.205001311,5037448.329997569,-73.604548,45.476913
227843,Introduction,2023-01-29,jour,10.0,289026.476004886,5044143.100006689,-73.701968,45.537025
227996,Introduction,2023-01-30,nuit,22.0,300846.191005472,5043495.59899356,-73.550621,45.531366
227997,Introduction,2023-01-30,jour,1.0,276131.768002543,5031601.74400355,-73.866341,45.423763
227998,Introduction,2023-01-30,jour,8.0,289665.375010035,5033202.50000749,-73.69345,45.438591
227999,Méfait,2023-01-30,jour,13.0,294043.432,5031355.474,-73.63745,45.422052
228001,Vol de véhicule à moteur,2023-01-30,jour,30.0,296630.019003875,5047167.963001,-73.604661,45.564374
228004,Vol de véhicule à moteur,2023-01-30,jour,7.0,289514.749992576,5040604.00000029,-73.695606,45.50519
228005,Introduction,2023-01-30,soir,1.0,278403.718993396,5032164.99999413,-73.837339,45.428921
228006,Vol de véhicule à moteur,2023-01-30,soir,7.0,284261.393,5038647.104,-73.762751,45.487446
228007,Vol de véhicule à moteur,2023-01-31,nuit,27.0,293683.889,5045239.144,-73.642359,45.546977
228008,Vol de véhicule à moteur,2023-01-31,jour,31.0,295270.495,5045555.567,-73.622046,45.549848
228011,Méfait,2023-01-25,jour,39.0,295446.84400568,5051995.16499085,-73.619911,45.607796
228012,Vol de véhicule à moteur,2023-01-25,jour,31.0,295349.9189978371,5042886.06899108,-73.620977,45.525828
228046,Vol de véhicule à moteur,2023-01-30,nuit,30.0,295761.3119917,5047080.47699257,-73.615788,45.563576
232590,Vols qualifiés,2023-01-21,jour,21.0,300010.35899709,5041428.400997969,-73.561301,45.512759
232591,Vol dans / sur véhicule à moteur,2023-01-21,jour,15.0,296889.350999017,5034769.28500567,-73.601139,45.452809
232592,Vol dans / sur véhicule à moteur,2023-01-21,jour,3.0,276290.344,5039937.0,-73.864798,45.498773
232593,Vol de véhicule à moteur,2023-01-21,jour,23.0,300992.080995,5046488.04299758,-73.548776,45.558294
232594,Vols qualifiés,2023-01-21,soir,35.0,295789.907007005,5043720.575004649,-73.61536,45.533343
232595,Introduction,2023-01-21,soir,21.0,300044.649010315,5040778.79400688,-73.560856,45.506914
232596,Méfait,2023-01-21,soir,39.0,295244.062989427,5053155.50000261,-73.622533,45.618234
232597,Vol dans / sur véhicule à moteur,2023-01-21,soir,1.0,278128.688008964,5034046.4999931,-73.840956,45.445841
232598,Vol de véhicule à moteur,2023-01-21,soir,5.0,284390.33340240293,5035302.95858142,-73.760962,45.457358
232599,Vols qualifiés,2023-01-21,soir,7.0,289357.195,5042167.186,-73.697671,45.519252
232600,Vol dans / sur véhicule à moteur,2023-01-21,soir,15.0,300414.668996346,5037853.69100056,-73.556095,45.480595
232601,Introduction,2023-01-21,soir,38.0,299241.833003259,5041145.42899591,-73.571134,45.510207
232602,Vols qualifiés,2023-01-22,nuit,21.0,300174.274992177,5041470.33699088,-73.559204,45.513137
232603,Introduction,2023-01-22,nuit,26.0,294585.506010456,5038016.02100697,-73.630662,45.481995
232604,Vol de véhicule à moteur,2023-01-22,jour,30.0,296471.214008719,5047026.95799255,-73.606693,45.563104
232605,Vol de véhicule à moteur,2023-01-22,jour,39.0,293335.504008018,5050099.75299892,-73.646934,45.590709
232606,Introduction,2023-01-22,jour,21.0,299853.563,5041681.536,-73.563311,45.515036
232607,Vol de véhicule à moteur,2023-01-22,jour,48.0,303425.213010095,5050746.60200456,-73.517622,45.596623
232608,Vol dans / sur véhicule à moteur,2023-01-22,jour,21.0,299735.682991407,5040981.17100346,-73.564812,45.508733
232609,Vol de véhicule à moteur,2023-01-22,jour,13.0,292963.813001992,5031735.50000821,-73.651255,45.425454
232610,Méfait,2023-01-22,soir,39.0,294195.068994602,5049981.175999249,-73.635915,45.589655
232611,Vol dans / sur véhicule à moteur,2023-01-22,soir,21.0,299950.558991168,5041467.398006329,-73.562067,45.513109
232612,Vols qualifiés,2023-01-22,soir,20.0,298778.450007243,5039548.05399498,-73.577045,45.495829
232613,Vol de véhicule à moteur,2023-01-23,nuit,39.0,295111.688005514,5050887.50000148,-73.624186,45.597824
232614,Vols qualifiés,2023-01-23,nuit,21.0,299962.8400005931,5041609.76400111,-73.561911,45.514391
232615,Vol de véhicule à moteur,2023-01-23,nuit,9.0,294110.11800201,5037624.10199707,-73.636734,45.478461
232616,Vol dans / sur véhicule à moteur,2023-01-23,nuit,38.0,298980.318995237,5041314.07099517,-73.574483,45.511722
232618,Vol de véhicule à moteur,2023-01-23,nuit,21.0,300335.923009162,5041565.02799561,-73.557136,45.513991
232621,Méfait,2023-01-23,jour,44.0,299736.267996215,5045404.33700054,-73.564851,45.548534
232622,Méfait,2023-01-23,jour,13.0,296173.531005754,5031362.99999564,-73.610231,45.422149
232624,Vol dans / sur véhicule à moteur,2023-01-23,jour,26.0,296675.688002194,5042257.49999584,-73.603995,45.520189
232628,Introduction,2023-01-23,jour,15.0,298124.741998147,5036806.648992009,-73.585372,45.471155
232629,Vol dans / sur véhicule à moteur,2023-01-23,jour,22.0,300052.405995412,5042137.583005089,-73.56077,45.519141
232630,Vols qualifiés,2023-01-23,soir,21.0,299735.682991407,5040981.17100346,-73.564812,45.508733
232631,Vol dans / sur véhicule à moteur,2023-01-23,soir,21.0,300299.03,5040728.57,-73.5576,45.506464
232632,Introduction,2023-01-23,soir,21.0,299268.555998894,5041048.3360079,-73.570791,45.509334
232633,Vol de véhicule à moteur,2023-01-23,soir,26.0,294929.247993524,5038569.69200338,-73.626276,45.486982
232634,Vol de véhicule à moteur,2023-01-23,soir,48.0,302011.108001255,5048845.60199782,-73.535737,45.579513
232635,Vols qualifiés,2023-01-23,soir,21.0,299981.398999108,5040996.24699428,-73.561668,45.50887
232636,Vol dans / sur véhicule à moteur,2023-01-24,nuit,21.0,299628.127000883,5041680.05900089,-73.566196,45.515021
232637,Vols qualifiés,2023-01-24,nuit,12.0,298605.254009488,5039325.05100425,-73.579258,45.493821
232737,Vol de véhicule à moteur,2023-01-24,nuit,27.0,293177.326004173,5045371.80100536,-73.648849,45.548163
232738,Introduction,2023-01-24,jour,12.0,298414.042995499,5039297.86899576,-73.581705,45.493575
232739,Vol dans / sur véhicule à moteur,2023-01-24,jour,13.0,292963.813001992,5031735.50000821,-73.651255,45.425454
232740,Vol dans / sur véhicule à moteur,2023-01-16,soir,38.0,299194.804,5042449.584,-73.571751,45.521942
232741,Méfait,2023-01-22,soir,48.0,301311.62900519493,5048897.58399992,-73.5447,45.579977
232742,Introduction,2023-01-22,soir,4.0,278605.815993811,5037113.509006009,-73.83502,45.473457
232743,Introduction,2023-01-24,jour,12.0,298505.553008271,5039407.55100186,-73.580535,45.494563
232744,Vol dans / sur véhicule à moteur,2023-01-24,jour,21.0,300585.212989442,5041713.581002,-73.553946,45.515329
232745,Vol dans / sur véhicule à moteur,2023-01-24,jour,22.0,300516.505996662,5042225.58500121,-73.55483,45.519936
232747,Introduction,2023-01-24,jour,20.0,299098.930996104,5040628.06400547,-73.572957,45.50555
232750,Introduction,2023-01-24,jour,26.0,293282.861994024,5042937.95599203,-73.64744,45.526264
232751,Introduction,2023-01-24,jour,4.0,278347.968992748,5038115.00000888,-73.838372,45.482459
232752,Vols qualifiés,2023-01-24,jour,31.0,295354.99900059,5044932.56999378,-73.620952,45.544243
232755,Vol de véhicule à moteur,2023-01-24,soir,5.0,280570.40600696,5036988.50000142,-73.809887,45.472403
232756,Méfait,2023-01-24,soir,3.0,275713.920997601,5037235.04899263,-73.872013,45.474436
232757,Vol de véhicule à moteur,2023-01-24,soir,5.0,279822.938001204,5036453.00000523,-73.81942,45.467558
232758,Vol dans / sur véhicule à moteur,2023-01-24,soir,9.0,292835.229999151,5036307.5709981695,-73.653009,45.466593
232759,Méfait,2023-01-24,soir,44.0,299736.267996215,5045404.33700054,-73.564851,45.548534
232760,Introduction,2023-01-24,soir,20.0,299012.133989769,5040497.06299742,-73.574066,45.504371
232761,Vol dans / sur véhicule à moteur,2023-01-24,soir,21.0,300143.240004057,5040470.19199346,-73.559592,45.504138
232762,Vol de véhicule à moteur,2023-01-24,soir,7.0,289052.700946335,5039206.01176101,-73.701474,45.4926
232763,Vol de véhicule à moteur,2023-01-25,nuit,26.0,294099.062,5039983.047,-73.636927,45.499687
232764,Vols qualifiés,2023-01-25,nuit,48.0,300001.879008688,5050383.07900448,-73.561498,45.593336
232765,Méfait,2023-01-25,nuit,39.0,295696.125010274,5053041.99999922,-73.616734,45.617219
232766,Méfait,2023-01-25,nuit,5.0,282322.244,5038092.605,-73.787533,45.482397
232768,Introduction,2023-01-25,nuit,21.0,300194.517006831,5041972.66400195,-73.55895,45.517658
232770,Vol de véhicule à moteur,2023-01-25,jour,5.0,285459.663,5035175.298,-73.747285,45.456239
232772,Introduction,2023-01-25,jour,49.0,304969.487,5061162.724,-73.497824,45.69035
232773,Vol de véhicule à moteur,2023-01-25,jour,39.0,294058.843998271,5050715.99999143,-73.637677,45.596266
232775,Vol de véhicule à moteur,2023-01-25,jour,45.0,301497.211,5057773.786,-73.542382,45.659848
232776,Introduction,2023-01-25,jour,21.0,300031.401004587,5041834.03000651,-73.561036,45.516409
232777,Vol dans / sur véhicule à moteur,2023-01-25,soir,31.0,295029.03999406,5044145.98299172,-73.62511,45.537161
232778,Vol dans / sur véhicule à moteur,2023-01-25,soir,20.0,299949.855010319,5040144.220997809,-73.562063,45.501203
232780,Méfait,2023-01-25,soir,13.0,295695.767996464,5032365.9219934,-73.616355,45.431168
232782,Méfait,2023-01-25,soir,21.0,300740.525992809,5040969.07400732,-73.551952,45.50863
232783,Introduction,2023-01-25,soir,3.0,277351.388,5039056.426,-73.851172,45.490892
232830,Introduction,2023-01-17,jour,15.0,300202.695999131,5037703.39799343,-73.558805,45.479241
232831,Introduction,2023-01-17,jour,31.0,295223.2220030261,5044617.81300252,-73.622633,45.541409
232832,Introduction,2023-01-17,jour,7.0,287594.124989777,5038881.00000007,-73.720124,45.489641
232833,Vol de véhicule à moteur,2023-01-18,jour,30.0,296907.626995645,5047169.90299741,-73.601105,45.564395
232834,Vol de véhicule à moteur,2023-01-18,jour,20.0,299847.059003989,5039096.05399304,-73.563368,45.49177
232835,Vol de véhicule à moteur,2023-01-18,soir,23.0,301211.722,5046958.199,-73.545966,45.562525
232885,Méfait,2023-01-26,jour,21.0,300018.60701006,5042087.5830082,-73.561202,45.518691
232888,Vol dans / sur véhicule à moteur,2023-01-26,jour,27.0,293417.063005249,5045272.74999622,-73.645777,45.547275
232889,Vols qualifiés,2023-01-26,jour,35.0,296506.998998528,5044243.07900523,-73.606188,45.538054
232890,Méfait,2023-01-26,soir,45.0,301497.211,5057773.786,-73.542382,45.659848
232891,Vol de véhicule à moteur,2023-01-26,soir,15.0,297789.85499008605,5036678.78599233,-73.589653,45.470001
232892,Vol de véhicule à moteur,2023-01-27,nuit,8.0,290706.312994457,5033127.50000299,-73.680143,45.437938
232893,Introduction,2023-01-27,nuit,21.0,299908.206,5041045.414,-73.562605,45.509312
232894,Vol de véhicule à moteur,2023-01-27,nuit,7.0,290081.0310049891,5040308.50000383,-73.68835,45.502543
232895,Vol dans / sur véhicule à moteur,2023-01-17,jour,22.0,300710.324008349,5042097.00400116,-73.552348,45.51878
232896,Vol dans / sur véhicule à moteur,2023-01-27,nuit,8.0,292822.875,5033714.5,-73.653104,45.44326
232899,Méfait,2023-01-27,jour,42.0,296528.472010336,5048709.38599337,-73.605988,45.578243
232900,Méfait,2023-01-27,jour,21.0,299735.682991407,5040981.17100346,-73.564812,45.508733
232903,Méfait,2023-01-27,jour,35.0,296210.300000685,5044376.5769977,-73.609989,45.539251
232904,Vol dans / sur véhicule à moteur,2023-01-27,jour,21.0,300047.282999336,5041407.08599337,-73.560829,45.512567
232906,Vol dans / sur véhicule à moteur,2023-01-16,jour,21.0,300642.11500549,5041613.57999972,-73.553217,45.514429
232907,Vol dans / sur véhicule à moteur,2023-01-27,jour,22.0,300517.905004095,5042317.58599373,-73.554813,45.520764
232908,Méfait,2023-01-16,jour,21.0,300432.80500226,5041717.656993129,-73.555897,45.515365
232909,Vol dans / sur véhicule à moteur,2023-01-27,jour,31.0,294572.505,5044410.566,-73.630961,45.539535
232910,Méfait,2023-01-27,jour,15.0,299580.976007521,5038629.41600306,-73.566767,45.487569
232911,Vol de véhicule à moteur,2023-01-27,soir,23.0,302567.469,5046550.724,-73.528597,45.558864
232913,Vols qualifiés,2023-01-27,soir,48.0,301812.2880045931,5050103.84699644,-73.538292,45.590834
232914,Vol de véhicule à moteur,2023-01-27,soir,5.0,288270.563,5037179.298,-73.711412,45.474344
232915,Introduction,2023-01-27,soir,12.0,298716.6669958991,5039459.57499444,-73.577835,45.495033
232916,Vol de véhicule à moteur,2023-01-27,soir,44.0,299350.895002536,5047274.66599409,-73.569807,45.565361
232917,Vol de véhicule à moteur,2023-01-27,soir,5.0,285459.663,5035175.298,-73.747285,45.456239
232918,Introduction,2023-01-28,nuit,38.0,299392.215998516,5041459.57400815,-73.569213,45.513035
232919,Vol de véhicule à moteur,2023-01-28,jour,23.0,300584.095,5047324.087,-73.554009,45.565814
232920,Méfait,2023-01-28,jour,44.0,300199.478997519,5046224.7670016,-73.558926,45.55592
232921,Vol de véhicule à moteur,2023-01-28,jour,26.0,296181.37999699,5039538.17499417,-73.610274,45.495713
232922,Méfait,2023-01-28,jour,21.0,299735.682991407,5040981.17100346,-73.564812,45.508733
232923,Vol dans / sur véhicule à moteur,2023-01-28,jour,38.0,297820.809004236,5042397.07800674,-73.589339,45.521457
232924,Introduction,2023-01-28,jour,31.0,294811.719994206,5044311.71499637,-73.627896,45.538649
232925,Introduction,2023-01-28,jour,15.0,297163.248005108,5034838.79700236,-73.597638,45.453437
232926,Vol de véhicule à moteur,2023-01-28,soir,35.0,296598.6020028371,5043790.07999682,-73.605007,45.533979
232927,Méfait,2023-01-29,nuit,21.0,300424.85670009,5041161.25452579,-73.555994,45.510358
232929,Vol de véhicule à moteur,2023-01-29,nuit,55.0,285459.663,5035175.298,-73.747285,45.456239
232930,Vol de véhicule à moteur,2023-01-29,nuit,38.0,299160.11400746,5041608.57499234,-73.572186,45.514374
232933,Méfait,2023-01-29,jour,15.0,298997.82,5038568.679,-73.574227,45.487018
232935,Méfait,2023-01-29,jour,38.0,298233.909006526,5042129.5769993,-73.584047,45.519054
232936,Méfait,2023-01-18,soir,23.0,301221.777,5046966.783,-73.545837,45.562603
232937,Vol de véhicule à moteur,2023-01-19,nuit,16.0,298479.375001736,5034034.49999678,-73.580801,45.446213
232938,Vol dans / sur véhicule à moteur,2023-01-19,jour,9.0,295217.25799158,5035999.75400484,-73.622541,45.46386
232939,Vol de véhicule à moteur,2023-01-20,jour,23.0,302189.897993683,5046513.11499409,-73.533433,45.558525
232941,Introduction,2023-01-21,jour,9.0,294610.319991171,5037420.29499576,-73.630332,45.476634
232942,Vol dans / sur véhicule à moteur,2023-01-21,jour,49.0,304771.136992798,5057753.00100827,-73.50037,45.659669
232943,Méfait,2023-01-21,jour,5.0,279054.587,5035900.977,-73.829217,45.462563
232944,Vol de véhicule à moteur,2023-01-21,soir,5.0,279054.587,5035900.977,-73.829217,45.462563
232946,Méfait,2023-01-22,soir,26.0,293554.266994026,5038648.53499774,-73.643867,45.48767
232947,Méfait,2023-01-23,soir,5.0,279054.587,5035900.977,-73.829217,45.462563
232948,Vol de véhicule à moteur,2023-01-24,nuit,26.0,294989.376008293,5040890.42299559,-73.625553,45.507866
232949,Méfait,2023-01-24,jour,9.0,291654.78099611605,5035754.50000708,-73.66809,45.461595
232950,Vol de véhicule à moteur,2023-01-24,soir,26.0,295968.280990302,5042527.50000471,-73.613055,45.52261
232951,Vol de véhicule à moteur,2023-01-25,nuit,10.0,289557.144000781,5044634.05200101,-73.695189,45.541454
232954,Introduction,2023-01-25,soir,31.0,294589.972003439,5043059.52100791,-73.63071,45.527378
232956,Introduction,2023-01-25,jour,20.0,299322.914425434,5040170.70130703,-73.570086,45.501437
232957,Vol de véhicule à moteur,2023-01-26,soir,5.0,279054.587,5035900.977,-73.829217,45.462563
232958,Méfait,2023-01-16,jour,21.0,300560.116992238,5041490.577992929,-73.554266,45.513322
232959,Vol dans / sur véhicule à moteur,2023-01-16,jour,15.0,297509.986003681,5036835.55499353,-73.593235,45.471409
232960,Vol de véhicule à moteur,2023-01-29,jour,46.0,300598.96901044,5051411.49999967,-73.553854,45.602594
232961,Vol de véhicule à moteur,2023-01-29,jour,12.0,298585.047,5039156.254,-73.579515,45.492302
232962,Vol dans / sur véhicule à moteur,2023-01-29,jour,12.0,296714.20500665694,5037552.90599914,-73.603424,45.477855
232963,Introduction,2023-01-29,jour,31.0,295285.29200069,5044819.04200897,-73.621842,45.543221
232964,Vol de véhicule à moteur,2023-01-30,nuit,12.0,296974.831000131,5037390.05800635,-73.600088,45.476393
232965,Introduction,2023-01-30,nuit,38.0,296689.799001942,5042851.7570007,-73.603824,45.525536
232966,Vol dans / sur véhicule à moteur,2023-01-30,jour,9.0,293576.875997814,5037042.02299879,-73.643542,45.473215
232967,Méfait,2023-01-16,soir,5.0,279054.587,5035900.977,-73.829217,45.462563
232968,Vol de véhicule à moteur,2023-01-30,jour,5.0,279054.587,5035900.977,-73.829217,45.462563
232970,Vol de véhicule à moteur,2023-01-31,soir,5.0,279054.587,5035900.977,-73.829217,45.462563
232971,Vol de véhicule à moteur,2023-01-31,soir,26.0,294394.265,5039167.041,-73.633132,45.492349
232972,Vol dans / sur véhicule à moteur,2023-01-19,jour,5.0,280404.141188328,5034106.172284,-73.811871,45.446461
232975,Méfait,2023-01-17,jour,42.0,298640.063005887,5049683.49999793,-73.578943,45.58703
233024,Vols qualifiés,2023-01-29,jour,21.0,299845.622,5041159.573,-73.563407,45.510339
233026,Vol de véhicule à moteur,2023-01-29,jour,8.0,293068.500007605,5033640.5000015,-73.649962,45.442598
233027,Méfait,2023-01-29,jour,35.0,296238.400003682,5044415.57699491,-73.60963,45.539603
233028,Vol dans / sur véhicule à moteur,2023-01-29,jour,21.0,300071.384,5041139.008,-73.560518,45.510155
233029,Méfait,2023-01-29,soir,15.0,298615.567,5038558.546,-73.579117,45.486924
233030,Vol de véhicule à moteur,2023-01-29,soir,5.0,283157.0,5038732.0,-73.776883,45.488176
233031,Introduction,2023-01-29,soir,38.0,299170.717998818,5042211.01500474,-73.572057,45.519795
233032,Vol dans / sur véhicule à moteur,2023-01-29,soir,3.0,275408.773008534,5039197.884991369,-73.876034,45.492085
233033,Méfait,2023-01-29,soir,39.0,294527.205993793,5049532.25100164,-73.631649,45.585621
233034,Introduction,2023-01-29,soir,42.0,295969.688009445,5048989.50000299,-73.613153,45.580757
233035,Introduction,2023-01-30,nuit,1.0,275918.307997612,5034192.490003849,-73.86922,45.447067
233036,Vol dans / sur véhicule à moteur,2023-01-16,jour,21.0,300432.80500226,5041717.656993129,-73.555897,45.515365
233037,Vol de véhicule à moteur,2023-01-30,jour,30.0,297361.744,5046438.791,-73.595276,45.557821
233038,Introduction,2023-01-30,jour,7.0,291273.625,5043069.006,-73.673166,45.527407
233039,Vol de véhicule à moteur,2023-01-30,jour,48.0,301721.824998119,5049882.28699265,-73.53945,45.58884
233041,Vol de véhicule à moteur,2023-01-30,jour,26.0,294455.447996042,5038871.29000632,-73.632343,45.489689
233042,Vol dans / sur véhicule à moteur,2023-01-24,jour,10.0,291427.020002508,5044248.62800007,-73.671234,45.538025
233043,Introduction,2023-01-30,nuit,15.0,297786.779992826,5037440.037008,-73.589703,45.476851
233044,Vol dans / sur véhicule à moteur,2023-01-30,jour,21.0,300085.121000636,5041800.02700365,-73.560348,45.516104
233045,Vol dans / sur véhicule à moteur,2023-01-30,jour,38.0,298816.602993005,5042625.58400449,-73.576595,45.523523
233046,Vol dans / sur véhicule à moteur,2023-01-30,jour,26.0,295534.686004674,5039536.43400325,-73.618549,45.495689
233047,Introduction,2023-01-30,soir,26.0,295465.245,5039411.34,-73.619435,45.494563
233048,Introduction,2023-01-30,soir,38.0,298937.994007704,5042811.70500468,-73.575043,45.525198
233049,Vol dans / sur véhicule à moteur,2023-01-30,soir,20.0,298903.942,5040035.557,-73.575445,45.500217
233050,Vol de véhicule à moteur,2023-01-30,soir,7.0,287946.688,5040212.0,-73.715659,45.501626
233051,Vols qualifiés,2023-01-31,nuit,21.0,299853.563,5041681.536,-73.563311,45.515036
233052,Vol de véhicule à moteur,2023-01-31,nuit,27.0,294052.739996111,5045559.01399616,-73.637642,45.549861
233053,Vol dans / sur véhicule à moteur,2023-01-17,soir,4.0,278591.72900777205,5037103.6300052,-73.8352,45.473367
233054,Vol dans / sur véhicule à moteur,2023-01-17,soir,15.0,299266.760990184,5038962.55099472,-73.570791,45.490565
233055,Vol de véhicule à moteur,2023-01-31,jour,4.0,278065.86698843,5038270.09760599,-73.841989,45.483844
233058,Vol de véhicule à moteur,2023-01-31,jour,31.0,296311.783993046,5045948.07299661,-73.608717,45.553393
233059,Vol dans / sur véhicule à moteur,2023-01-31,jour,21.0,300401.599990221,5041668.70400754,-73.556296,45.514924
233060,Méfait,2023-01-29,jour,39.0,293565.596002328,5048890.59700567,-73.643957,45.579832
233061,Vols qualifiés,2023-01-31,jour,48.0,300883.421,5047961.475,-73.55018,45.571551
233062,Méfait,2023-01-17,jour,22.0,300559.476997964,5042289.81500013,-73.554281,45.520514
233063,Méfait,2023-01-17,jour,22.0,300405.065997505,5042049.15800539,-73.556255,45.518347
233064,Vol dans / sur véhicule à moteur,2023-01-18,soir,15.0,299061.93000432,5038652.32899261,-73.573408,45.487772
233065,Vol dans / sur véhicule à moteur,2023-01-31,jour,21.0,300477.935009551,5041789.42899396,-73.55532,45.516011
233066,Introduction,2023-01-31,jour,20.0,300311.1569916011,5039266.0569969695,-73.557432,45.493303
233068,Vol de véhicule à moteur,2023-01-31,jour,21.0,299490.642002436,5041393.74299878,-73.567953,45.512443
233069,Vol de véhicule à moteur,2023-01-31,jour,13.0,295100.006,5032359.385,-73.623969,45.431101
233070,Vol de véhicule à moteur,2023-01-31,soir,9.0,295042.010795,5035703.775972,-73.624776,45.461195
233071,Vol de véhicule à moteur,2023-01-31,soir,48.0,301755.542,5049999.053,-73.539019,45.589891
233127,Méfait,2023-01-31,jour,23.0,301610.7869983121,5044251.60600458,-73.540836,45.538172
233131,Vol dans / sur véhicule à moteur,2023-01-19,soir,35.0,297878.6640068051,5044876.89699264,-73.588633,45.543772
233132,Vol dans / sur véhicule à moteur,2023-01-20,jour,39.0,294334.214002297,5048812.2779937,-73.634107,45.57914
233133,Vol dans / sur véhicule à moteur,2023-01-20,jour,7.0,286801.155995981,5039806.500005,-73.730302,45.497949
233135,Vol dans / sur véhicule à moteur,2023-01-20,soir,48.0,301721.824998119,5049882.28699265,-73.53945,45.58884
233140,Vol dans / sur véhicule à moteur,2023-01-22,jour,23.0,301586.06900817,5044362.4950075,-73.541154,45.53917
233141,Vol dans / sur véhicule à moteur,2023-01-22,jour,22.0,299679.402996839,5042455.5849979,-73.565548,45.522
233142,Méfait,2023-01-22,soir,38.0,298169.108001027,5042249.07799101,-73.584878,45.520129
233143,Méfait,2023-01-23,nuit,22.0,300052.405995412,5042137.583005089,-73.56077,45.519141
233173,Introduction,2023-01-18,soir,35.0,295672.1560079421,5043794.97799268,-73.616869,45.534011
233177,Vol de véhicule à moteur,2023-01-29,jour,3.0,275357.125003589,5035656.00000826,-73.876482,45.460212
234296,Vol de véhicule à moteur,2023-01-16,jour,27.0,293651.919996427,5044492.95899594,-73.642751,45.540262
234297,Vol dans / sur véhicule à moteur,2023-01-16,jour,20.0,299480.751,5040124.585,-73.568066,45.501023
234298,Vol dans / sur véhicule à moteur,2023-01-16,jour,49.0,304298.099992908,5055851.29699187,-73.506439,45.642557
234299,Vol de véhicule à moteur,2023-01-16,jour,27.0,293660.124009255,5047997.68800527,-73.642726,45.571799
234300,Méfait,2023-01-16,jour,9.0,294066.199,5035483.014,-73.637249,45.459194
234301,Vol de véhicule à moteur,2023-01-16,jour,21.0,300420.610000902,5040361.24700263,-73.556041,45.503159
234302,Vol dans / sur véhicule à moteur,2023-01-16,jour,21.0,299793.61099908,5041195.92200492,-73.564073,45.510666
234303,Introduction,2023-01-16,jour,46.0,300159.557008972,5050702.44999666,-73.55948,45.596211
234304,Méfait,2023-01-16,jour,21.0,299908.206,5041045.414,-73.562605,45.509312
234306,Introduction,2023-01-16,jour,22.0,300775.933,5041714.106,-73.551505,45.515335
234407,Vol dans / sur véhicule à moteur,2023-01-16,soir,21.0,299392.215998516,5041459.57400815,-73.569213,45.513035
234408,Introduction,2023-01-16,soir,20.0,299098.930996104,5040628.06400547,-73.572957,45.50555
234409,Vol de véhicule à moteur,2023-01-16,soir,5.0,279705.249,5036282.49,-73.820916,45.466019
234410,Vol dans / sur véhicule à moteur,2023-01-17,nuit,21.0,300395.48,5040731.29,-73.556366,45.506489
234411,Vol de véhicule à moteur,2023-01-17,nuit,13.0,295773.163,5035175.811,-73.615417,45.456453
234412,Vol de véhicule à moteur,2023-01-17,nuit,21.0,299702.811,5041778.579,-73.565241,45.515908
234413,Introduction,2023-01-17,jour,38.0,298268.707998997,5042185.57800285,-73.583602,45.519558
234414,Vol de véhicule à moteur,2023-01-17,jour,3.0,279046.719994249,5041852.39500637,-73.82963,45.516115
234415,Vol dans / sur véhicule à moteur,2023-01-17,nuit,13.0,295773.163,5035175.811,-73.615417,45.456453
234416,Vol de véhicule à moteur,2023-01-17,jour,48.0,303988.037997729,5051539.60799266,-73.510409,45.603759
234420,Vols qualifiés,2023-01-17,jour,9.0,294890.316993568,5036115.82299988,-73.626724,45.4649
234421,Vol dans / sur véhicule à moteur,2023-01-17,jour,21.0,299786.892001752,5041575.86300392,-73.564163,45.514084
234422,Vol dans / sur véhicule à moteur,2023-01-17,jour,31.0,295695.151009079,5044762.52699805,-73.616593,45.542718
234423,Introduction,2023-01-17,jour,31.0,295695.151009079,5044762.52699805,-73.616593,45.542718
234426,Vol de véhicule à moteur,2023-01-17,jour,42.0,296105.593994036,5050284.4999939,-73.611435,45.592411
234427,Vol dans / sur véhicule à moteur,2023-01-17,soir,46.0,300756.750006188,5051514.00000338,-73.551832,45.603517
234428,Vol dans / sur véhicule à moteur,2023-01-17,soir,21.0,300117.940008143,5041852.2659911,-73.559929,45.516574
234429,Méfait,2023-01-17,soir,22.0,300710.324008349,5042097.00400116,-73.552348,45.51878
234430,Introduction,2023-01-17,soir,9.0,293816.668995175,5036802.93899641,-73.640469,45.471067
234431,Vol dans / sur véhicule à moteur,2023-01-17,soir,21.0,300478.980002211,5040315.3029918,-73.555294,45.502746
234432,Vol de véhicule à moteur,2023-01-17,soir,27.0,292448.27,5044962.582,-73.658176,45.544468
234433,Méfait,2023-01-17,soir,12.0,296643.929003948,5037596.97600643,-73.604324,45.478251
234434,Vols qualifiés,2023-01-17,soir,31.0,294541.269,5044349.073,-73.63136,45.538981
234435,Vol dans / sur véhicule à moteur,2023-01-18,nuit,21.0,300369.450003373,5041615.98099282,-73.556707,45.514449
234436,Vol de véhicule à moteur,2023-01-18,nuit,4.0,282126.249996809,5039428.9999909,-73.790102,45.494416
234437,Vol de véhicule à moteur,2023-01-18,nuit,42.0,297356.437997243,5047963.00000765,-73.595368,45.571536
234439,Méfait,2023-01-18,jour,9.0,296072.470005993,5036213.07399308,-73.611609,45.465791
234441,Vol de véhicule à moteur,2023-01-18,jour,7.0,290047.093999719,5039392.50000363,-73.688757,45.4943
234442,Vol dans / sur véhicule à moteur,2023-01-18,jour,21.0,300401.599990221,5041668.70400754,-73.556296,45.514924
234445,Méfait,2023-01-18,jour,23.0,301729.516004424,5045524.353998289,-73.539324,45.549626
234446,Vol de véhicule à moteur,2023-01-18,jour,21.0,300404.04000588093,5040145.06399776,-73.556251,45.501214
234448,Vol dans / sur véhicule à moteur,2023-01-18,jour,12.0,297679.017004555,5039265.1180057,-73.591108,45.493273
234449,Méfait,2023-01-18,soir,39.0,295944.25899072,5052221.724006009,-73.613538,45.609841
234450,Vol de véhicule à moteur,2023-01-18,soir,35.0,297506.0989960131,5043633.08499888,-73.593386,45.532576
234451,Vol dans / sur véhicule à moteur,2023-01-18,soir,23.0,302151.729991319,5045684.65100582,-73.533918,45.55107
234452,Vols qualifiés,2023-01-18,soir,21.0,300195.81199056,5041728.07999974,-73.558931,45.515457
234453,Introduction,2023-01-18,soir,15.0,298104.739006659,5037540.56100251,-73.585638,45.477759
234554,Vol de véhicule à moteur,2023-01-18,soir,9.0,294066.199,5035483.014,-73.637249,45.459194
234555,Vol dans / sur véhicule à moteur,2023-01-18,soir,4.0,281764.906007602,5038394.00000581,-73.794676,45.48509
234556,Méfait,2023-01-18,soir,26.0,294754.653995155,5038271.71999674,-73.628503,45.484298
234557,Vol de véhicule à moteur,2023-01-18,soir,5.0,279705.249,5036282.49,-73.820916,45.466019
234558,Vol de véhicule à moteur,2023-01-18,soir,5.0,280570.40600696,5036988.50000142,-73.809887,45.472403
234559,Vol de véhicule à moteur,2023-01-19,nuit,7.0,289052.700946335,5039206.01176101,-73.701474,45.4926
234560,Vol dans / sur véhicule à moteur,2023-01-19,nuit,39.0,294644.0939988371,5049933.00000239,-73.630159,45.589229
234561,Vol de véhicule à moteur,2023-01-19,nuit,45.0,298199.16601034,5055539.83100832,-73.584673,45.639723
234562,Introduction,2023-01-19,nuit,44.0,298278.74800022,5047093.322005849,-73.583539,45.56372
234563,Introduction,2023-01-19,jour,23.0,301846.155003796,5044965.8139959695,-73.537827,45.5446
234565,Vol de véhicule à moteur,2023-01-19,jour,45.0,298601.101994149,5055338.10099505,-73.579515,45.637912
234568,Introduction,2023-01-19,jour,10.0,287727.885999582,5043380.85999625,-73.718569,45.530135
234569,Vol dans / sur véhicule à moteur,2023-01-19,jour,23.0,302151.729991319,5045684.65100582,-73.533918,45.55107
234572,Méfait,2023-01-19,jour,26.0,294929.247993524,5038569.69200338,-73.626276,45.486982
234573,Vol de véhicule à moteur,2023-01-19,jour,27.0,293441.833007243,5044778.0369943,-73.645448,45.542824
234574,Vol de véhicule à moteur,2023-01-19,jour,48.0,301755.542,5049999.053,-73.539019,45.589891
234575,Méfait,2023-01-19,soir,20.0,299244.49100599,5040219.74599321,-73.57109,45.501877
234576,Introduction,2023-01-19,soir,38.0,297552.809002558,5042574.07799829,-73.592772,45.523047
234577,Vol de véhicule à moteur,2023-01-20,nuit,42.0,299492.499990902,5049217.5000064,-73.568014,45.582844
234578,Méfait,2023-01-20,nuit,5.0,279357.875009506,5035896.50000631,-73.825338,45.462534
234579,Méfait,2023-01-20,nuit,26.0,295604.170990226,5039649.51300174,-73.617662,45.496708
234580,Vol de véhicule à moteur,2023-01-20,jour,5.0,279705.249,5036282.49,-73.820916,45.466019
234582,Vol dans / sur véhicule à moteur,2023-01-20,jour,5.0,279315.521,5032170.248,-73.825687,45.429002
234584,Vol dans / sur véhicule à moteur,2023-01-20,jour,44.0,299303.9600040281,5048819.1579947695,-73.570425,45.579258
234585,Vol dans / sur véhicule à moteur,2023-01-20,jour,48.0,301512.692002275,5052462.59199827,-73.542148,45.612057
234586,Introduction,2023-01-20,jour,21.0,299392.215998516,5041459.57400815,-73.569213,45.513035
234588,Vol dans / sur véhicule à moteur,2023-01-20,jour,20.0,299480.751,5040124.585,-73.568066,45.501023
234590,Vol de véhicule à moteur,2023-01-20,jour,44.0,298854.568003477,5048482.573000049,-73.57618,45.576226
234592,Introduction,2023-01-20,jour,39.0,295116.74999262893,5053325.00000105,-73.624169,45.619757
234593,Introduction,2023-01-20,soir,48.0,302324.125,5049573.402,-73.531729,45.586063
234594,Vol dans / sur véhicule à moteur,2023-01-20,soir,21.0,299508.915000028,5041507.07500361,-73.56772,45.513463
234595,Vol de véhicule à moteur,2023-01-20,soir,48.0,301755.542,5049999.053,-73.539019,45.589891
234596,Vol de véhicule à moteur,2023-01-20,soir,38.0,298872.760991075,5042316.41200251,-73.575872,45.520741
234597,Introduction,2023-01-20,soir,39.0,293936.346,5050329.112,-73.639239,45.592782
234598,Vol de véhicule à moteur,2023-01-21,nuit,31.0,293990.384,5043672.953,-73.638399,45.532889
234599,Méfait,2023-01-21,jour,21.0,300177.435997504,5041320.85100758,-73.559162,45.511792
234601,Méfait,2023-01-21,jour,45.0,298823.360999222,5056356.43899642,-73.576676,45.647077
234602,Vol de véhicule à moteur,2023-01-21,jour,27.0,293900.976994456,5045231.00899312,-73.639578,45.546908
234603,Méfait,2023-01-21,jour,46.0,300223.594010059,5052126.49999734,-73.558672,45.609026
241503,Vol de véhicule à moteur,2023-01-16,jour,15.0,300482.831000026,5038579.18500358,-73.555229,45.487124
241504,Méfait,2023-01-16,jour,45.0,299883.075990652,5056529.91499732,-73.563082,45.648646
241505,Vol de véhicule à moteur,2023-01-16,soir,49.0,305539.17900648894,5057588.78399779,-73.490515,45.658191
241506,Vol de véhicule à moteur,2023-01-16,soir,22.0,301332.689,5043586.6,-73.544393,45.532187
241507,Vols qualifiés,2023-01-16,soir,30.0,295469.544,5046203.944,-73.619509,45.555685
241529,Vol de véhicule à moteur,2023-01-18,nuit,30.0,294703.864999796,5047747.04899555,-73.629348,45.56956
241543,Vols qualifiés,2023-01-18,jour,48.0,302944.542992402,5050505.94700849,-73.523782,45.594456
241544,Vol dans / sur véhicule à moteur,2023-01-18,jour,31.0,294423.41599983606,5043343.56600401,-73.632848,45.529932
241704,Vol de véhicule à moteur,2023-01-18,soir,23.0,300951.795994572,5045640.94000788,-73.549285,45.550671
241705,Introduction,2023-01-18,soir,22.0,300495.602994482,5042438.087000409,-73.5551,45.521848
241713,Méfait,2023-01-19,jour,23.0,301576.39000518894,5046320.12000719,-73.54129,45.556786
241715,Introduction,2023-01-19,jour,39.0,295287.062995691,5053098.49999259,-73.621981,45.617722
241717,Vol de véhicule à moteur,2023-01-19,jour,23.0,301742.050003955,5044724.64400237,-73.539159,45.54243
241718,Vol dans / sur véhicule à moteur,2023-01-19,jour,31.0,294084.5,5045221.059,-73.637228,45.546821
241720,Introduction,2023-01-19,jour,20.0,300468.329,5039347.814,-73.555422,45.49404
241724,Introduction,2023-01-19,jour,38.0,298995.023996901,5043765.92000032,-73.574324,45.533785
241726,Vol de véhicule à moteur,2023-01-19,jour,35.0,296701.901,5043950.581,-73.603687,45.535424
241906,Vol de véhicule à moteur,2023-01-20,soir,30.0,296272.143999567,5048029.34700472,-73.609261,45.572121
241912,Vol de véhicule à moteur,2023-01-21,jour,30.0,296471.47899496806,5046200.57099231,-73.606676,45.555667
241913,Vol dans / sur véhicule à moteur,2023-01-21,jour,23.0,301302.350009347,5046444.716001569,-73.544801,45.557905
241914,Vol dans / sur véhicule à moteur,2023-01-21,jour,8.0,291757.844002333,5033359.99999127,-73.666709,45.440051
241915,Vol de véhicule à moteur,2023-01-21,jour,13.0,297277.265,5031921.703,-73.596136,45.427189
241917,Vol dans / sur véhicule à moteur,2023-01-21,jour,27.0,293471.503005567,5048201.27799469,-73.645147,45.573628
